niche,query,score,video_id,url,title,channel,channel_handle,views,views_text,published,age_days_est,views_per_day_est,duration_seconds,duration_minutes,is_long_1h_plus
current_jazz_lounge,rainy night jazz coffee shop ambience 2026,105.0,NJuSStkIZBg,https://www.youtube.com/watch?v=NJuSStkIZBg,"Rainy Jazz Cafe - Slow Jazz Music in Coffee Shop Ambience for Work, Study and Relaxation",Coffee Shop Vibes,@CoffeeShopVibes,48625477,"48,625,477 views",4 years ago,1460,33305.12,12840,214.0,True
current_jazz_lounge,jazz cafe music for work study relaxing 1 hour,105.0,MYPVQccHhAQ,https://www.youtube.com/watch?v=MYPVQccHhAQ,"4K Cozy Coffee Shop with Smooth Piano Jazz Music for Relaxing, Studying and Working",Relaxing Jazz Piano,@relaxingjazzpiano6491,69590839,"69,590,839 views",4 years ago,1460,47664.96,12923,215.38,True
current_dark_deep_house_noir_pulse,after 2am dark deep house mix focus no vocals,100.0,sPk2viKd0cE,https://www.youtube.com/watch?v=sPk2viKd0cE,"Deep House Mix 2026 | Emotional Night Drive, Vocal House, Nu Disco | Chill Mood",After 2AM,@After._.2AM-g9p,2865800,"2,865,800 views",3 months ago,90,31842.22,6109,101.82,True
discovery_afro_deep_house,afro deep house mix 2026 1 hour no vocals,100.0,sPk2viKd0cE,https://www.youtube.com/watch?v=sPk2viKd0cE,"Deep House Mix 2026 | Emotional Night Drive, Vocal House, Nu Disco | Chill Mood",After 2AM,@After._.2AM-g9p,2865800,"2,865,800 views",3 months ago,90,31842.22,6109,101.82,True
discovery_afro_deep_house,afro melodic house mix 2026 long mix,100.0,wgGYnI_Rnd8,https://www.youtube.com/watch?v=wgGYnI_Rnd8,Afro House 2026 Mix | Deep Melodic Set 🎧 | Black Coffee Style Vol.49☕️,Afro House Rhythm,@AfroHouseRhythm8386,121554,"121,554 views",3 days ago,3,40518.0,5821,97.02,True
discovery_afro_deep_house,afro melodic house mix 2026 long mix,100.0,FVEPG9JBXyU,https://www.youtube.com/watch?v=FVEPG9JBXyU,Afro House 2026 Mix | Deep Melodic Set 🎧 | Black Coffee Style Vol.56,Afro House club,@AfroHouseclub-l6y,232073,"232,073 views",7 days ago,7,33153.29,6114,101.9,True
discovery_afro_deep_house,afro deep house mix 2026 1 hour no vocals,92.97,KrmAqZ1BMN0,https://www.youtube.com/watch?v=KrmAqZ1BMN0,Afro House 2026 Mix | Deep Melodic Set 🎧 | Black Coffee Style Vol.58,Afro House club,@AfroHouseclub-l6y,132418,"132,418 views",5 days ago,5,26483.6,5889,98.15,True
discovery_afro_deep_house,afro melodic house mix 2026 long mix,90.0,Sq_L2BCW5BQ,https://www.youtube.com/watch?v=Sq_L2BCW5BQ,Afro House 2026 | Deep Melodic Set | Black Coffee Style | DJ VANTA | 1 Hour Vol.16,VANTA AFRO HOUSE,@VANTAAFROHOUSE-p6e,180899,"180,899 views",2 days ago,2,90449.5,5355,89.25,True
discovery_afro_deep_house,afro deep house mix 2026 1 hour no vocals,83.5,UIzQAbsrlRk,https://www.youtube.com/watch?v=UIzQAbsrlRk,Afro House Mix 2026 🔥 Tribal Afro House Energy | Emotional Melodic Beats #VOL 35,Jungle Pulse House,@JunglePulseHouse,1305054,"1,305,054 views",2 months ago,60,21750.9,5963,99.38,True
discovery_afro_deep_house,afro deep house mix 2026 1 hour no vocals,81.66,bgx7Lmzy-Rg,https://www.youtube.com/watch?v=bgx7Lmzy-Rg,Afro House 2026 | Deep Melodic Mix | Black Coffee Style Vol. 1 ☕️,Afro Pulse Frequency,@AfroPulseFrequency01,2324625,"2,324,625 views",3 months ago,90,25829.17,3649,60.82,True
current_jazz_lounge,smooth jazz lounge 1 hour 30 relaxing instrumental,80.86,JElyhCKzhWI,https://www.youtube.com/watch?v=JElyhCKzhWI,vintage jazz on a rainy 1940s night | cozy ambience to relax,Lepreezy,@Lepreezy,6544205,"6,544,205 views",1 year ago,365,17929.33,11398,189.97,True
discovery_afro_deep_house,afro melodic house mix 2026 long mix,78.61,MnJvKMnvvi4,https://www.youtube.com/watch?v=MnJvKMnvvi4,Afro House 2026 Mix | Deep Melodic Set 🎧 | Black Coffee Style ☕️ DJ Mix Vol. 35,Afro Groove,@AfroGroove-2026,58613,"58,613 views",2 days ago,2,29306.5,5343,89.05,True
discovery_afro_deep_house,afro melodic house mix 2026 long mix,76.56,FgLaTj7BBcQ,https://www.youtube.com/watch?v=FgLaTj7BBcQ,Afro House 2026 Mix | Deep Melodic Set 🎧 | Black Coffee Style Vol.61,Afro House club,@AfroHouseclub-l6y,46558,"46,558 views",2 days ago,2,23279.0,6450,107.5,True
discovery_christian_sleep_ambient,soaking worship instrumental sleep music no words,76.34,JT9aSnNYRjc,https://www.youtube.com/watch?v=JT9aSnNYRjc,YESHUA / PROPHETIC WORSHIP INSTRUMENTAL / MEDITATION MUSIC,Herikant Official,/channel/UCLkYGeWVmfQ7FzmIMZMQErg,17158782,"17,158,782 views",3 years ago,1095,15670.12,15026,250.43,True
current_ptbr_country_gospel_blues,Country Gospel Blues português 1 hora louvores para acalmar o coração,73.21,SpLWf2NEwJ4,https://www.youtube.com/watch?v=SpLWf2NEwJ4,Seleção dos Louvores Mais Tocados | 2 Horas de Louvor e Adoração Reverente | @HinosComIA 2025/2026,Hinos Com IA,/channel/UCxnZpdE_nhjVyPk0LUfFJfg,2962054,"2,962,054 views",7 months ago,210,14105.02,7546,125.77,True
discovery_afro_deep_house,afro house sunset mix 1 hour deep house,72.62,f9OSBmPZOoQ,https://www.youtube.com/watch?v=f9OSBmPZOoQ,"SUMMER AFRO HOUSE Sunset Mix (Adam Port, Avicii, The Weeknd, Coldplay, Diplo) - Summer Vibes Mix #41",Afro King,@afrokingmusic,5041434,"5,041,434 views",1 year ago,365,13812.15,8461,141.02,True
current_jazz_lounge,smooth jazz lounge 1 hour 30 relaxing instrumental,72.49,U3n31M81RpE,https://www.youtube.com/watch?v=U3n31M81RpE,Smooth Jazz Saxophone Music - Cool Cafe Vibes • Relaxing Saxophone Instrumental for Dinner & Chill,Dr.SaxLove,/channel/UCNJFXYXkXt_P8bJUxb21MpA,11859431,"11,859,431 views",2 years ago,730,16245.8,6992,116.53,True
discovery_christian_sleep_ambient,christian sleep music 8 hours healing prayer instrumental,72.47,QaqgRzwNoFo,https://www.youtube.com/watch?v=QaqgRzwNoFo,YESHUA // 10 HOURS // BLACK SCREEN // INSTRUMENTAL SOAKING WORSHIP // SOAKING WORSHIP MUSIC // PIANO,SOAKING INTO HEAVENLY SOUNDS Instrumental Worship,@heavenlysoundsworship,5012534,"5,012,534 views",1 year ago,365,13732.97,36164,602.73,True
current_ptbr_country_gospel_blues,Country Gospel Blues português 1 hora louvores para acalmar o coração,71.57,R7n_YJ4cHkE,https://www.youtube.com/watch?v=R7n_YJ4cHkE,"OUÇA ISSO ANTES DE DESISTIR | Os Hinos Blues Gospel de Fé, Dor e Superação | DAVI LUCCAS",Davi Blues,/channel/UCIm3-7uNO1LEUn-cUo3GKKg,947182,"947,182 views",Streamed 2 months ago,60,15786.37,6449,107.48,True
current_jazz_lounge,rainy night jazz coffee shop ambience 2026,70.09,0L38Z9hIi5s,https://www.youtube.com/watch?v=0L38Z9hIi5s,"A Rainy Day in 4K Cozy Coffee Shop ❄ Background Instrumental to Relax, Study, Work",Relaxing Jazz Piano,@relaxingjazzpiano6491,13735949,"13,735,949 views",3 years ago,1095,12544.25,11355,189.25,True
current_ptbr_country_gospel_blues,Country Blues Gospel português playlist completa oração madrugada,70.0,lQOS4zT11Y4,https://www.youtube.com/watch?v=lQOS4zT11Y4,Antes Do Sol Nascer-DANIEL LIMA FILHO-Deus Abençoe Meu dia,Daniel Lima filho,/channel/UCZYwmWH-9jKshgkdx1Wepog,5142718,"5,142,718 views",2 months ago,60,85711.97,192,3.2,False
current_spanish_gospel_blues,Dios conoce tu dolor Gospel Blues en Español 1 hora,70.0,UlXvH-SNkBU,https://www.youtube.com/watch?v=UlXvH-SNkBU,Un Día a la Vez ✝️ Mi Cristo – Blues Gospel Profundo | Cruz & Blues Worship Música Cristiana 🙏🔥,Cruz y Blues Worship,/channel/UCiuY4qiQcRlLPePRN7PlqlA,12577157,"12,577,157 views",9 months ago,270,46582.06,230,3.83,False
discovery_afro_deep_house,afro house sunset mix 1 hour deep house,70.0,_RwD8PDZb7A,https://www.youtube.com/watch?v=_RwD8PDZb7A,Afro House Sunset Mix 2025 | Miami Vibes,Maldo,/channel/UCgwG7Tb7WohCHrDwLxB6JQQ,12977366,"12,977,366 views",1 year ago,365,35554.43,2924,48.73,False
discovery_afro_deep_house,afro house sunset mix 1 hour deep house,70.0,mm8PugX6QZ0,https://www.youtube.com/watch?v=mm8PugX6QZ0,Afro House Sunset Mix | Punta del Este,Maldo,/channel/UCgwG7Tb7WohCHrDwLxB6JQQ,16250308,"16,250,308 views",1 year ago,365,44521.39,2556,42.6,False
current_jazz_lounge,rainy night jazz coffee shop ambience 2026,69.97,-dQ75USmQZo,https://www.youtube.com/watch?v=-dQ75USmQZo,Cozy Winter Jazz Lounge ❄️ Relaxing Coffee Shop Ambience | Snow Cafe Piano Smooth Jazz,Cozy Cup Melodies,@cozycupmelodies-o2k,2996931,"2,996,931 views",8 months ago,240,12487.21,7333,122.22,True
current_dark_deep_house_noir_pulse,dark progressive house mix no vocals 1 hour 2026,69.69,RGtDVLjrj9o,https://www.youtube.com/watch?v=RGtDVLjrj9o,"After Dark Deep House mix 2026 | Smooth Vocal House, Nu Disco & Midnight Drive",Midnight Deep Vibes,@DeepVibes-i7z,370383,"370,383 views",1 month ago,30,12346.1,7417,123.62,True
discovery_christian_sleep_ambient,soaking worship instrumental sleep music no words,69.54,kNWiu6BNcEA,https://www.youtube.com/watch?v=kNWiu6BNcEA,"Soaking Worship with Rain Sounds for Prayer, Rest, and God’s Presence",Overflow Worship,@Overflow_Worship,1104372,"1,104,372 views",3 months ago,90,12270.8,12079,201.32,True
current_dark_deep_house_noir_pulse,dark progressive house mix no vocals 1 hour 2026,69.14,QhMs-t7EhXY,https://www.youtube.com/watch?v=QhMs-t7EhXY,Best Deep House Songs Of All Time - Deep House Vibes 2026 | Tropical House Journey, Inner Deep Radio,@InnerDeepRadio-r4j,3258410,"3,258,410 views",9 months ago,270,12068.19,12057,200.95,True
discovery_afro_deep_house,afro deep house mix 2026 1 hour no vocals,69.14,QhMs-t7EhXY,https://www.youtube.com/watch?v=QhMs-t7EhXY,Best Deep House Songs Of All Time - Deep House Vibes 2026 | Tropical House Journey, Inner Deep Radio,@InnerDeepRadio-r4j,3258410,"3,258,410 views",9 months ago,270,12068.19,12057,200.95,True
discovery_afro_deep_house,afro house sunset mix 1 hour deep house,69.07,roNNn1vr9XU,https://www.youtube.com/watch?v=roNNn1vr9XU,"SUMMER AFRO HOUSE Sunset Mix (Adam Port, Avicii, The Weeknd, Coldplay, Diplo) - Summer Vibes #1",AFRO FLOW,@AFROFLOW-T2A,3249025,"3,249,025 views",9 months ago,270,12033.43,8098,134.97,True
discovery_afro_deep_house,afro deep house mix 2026 1 hour no vocals,67.82,4PqrRoE8h2Q,https://www.youtube.com/watch?v=4PqrRoE8h2Q,Afro House 2026 | Deep Melodic Set | Black Coffee Style | DJ VANTA | 1 Hour,AFRO DEEP VANTA,@AFRODEEPVANTA,567369,"567,369 views",1 month ago,30,18912.3,3620,60.33,True
discovery_cinematic_celtic_ambient,dark celtic ambient music for studying 1 hour,67.11,jiwuQ6UHMQg,https://www.youtube.com/watch?v=jiwuQ6UHMQg,2 Hours of Celtic Music by Adrian von Ziegler (Part 1/3),Adrian von Ziegler,/channel/UCSeJA6az0GrNM4_-pl3HQSQ,52463830,"52,463,830 views",13 years ago,4745,11056.66,7370,122.83,True
current_jazz_lounge,jazz cafe music for work study relaxing 1 hour,66.52,jh4C7w-dvho,https://www.youtube.com/watch?v=jh4C7w-dvho,"4K Cozy Coffee Shop ☕ Smooth Piano Jazz Music for Relaxing, Studying, Sleeping",Relaxing Jazz Piano,@relaxingjazzpiano6491,15710182,"15,710,182 views",4 years ago,1460,10760.4,12296,204.93,True
discovery_cinematic_celtic_ambient,celtic ambient music 1 hour medieval fantasy relaxing,66.3,4WIMyqBG9gs,https://www.youtube.com/watch?v=4WIMyqBG9gs,Fantasy Medieval Music for Focus & Calm | The Dwarf’s Long Mountain Journey,Springs of Serenity,@SpringsofSerenity,3195579,"3,195,579 views",10 months ago,300,10651.93,7293,121.55,True
current_jazz_lounge,smooth jazz lounge 1 hour 30 relaxing instrumental,66.13,GmqOc3CJEZo,https://www.youtube.com/watch?v=GmqOc3CJEZo,SMOOTH JAZZ & SOUL | Pure Jazz Sanctuary 🛜 Live Stream,Pure Jazz Sanctuary,@PureJazzSanctuary,3855780,"3,855,780 views",Streamed 1 year ago,365,10563.78,34288,571.47,True
discovery_afro_deep_house,afro house sunset mix 1 hour deep house,65.61,YQHRV1Y2yMo,https://www.youtube.com/watch?v=YQHRV1Y2yMo,AFRO HOUSE Sunset Mix 2026 | The Best of Afro House 2026 | Afro House Remix Vol.11,Sew,@sewlabel,1602444,"1,602,444 views",3 months ago,90,17804.93,4419,73.65,True
discovery_dark_academia_piano,dark academia piano playlist for reading 1 hour,64.76,k5rEQ2wFPUw,https://www.youtube.com/watch?v=k5rEQ2wFPUw,a playlist for night studies (dark academia),nobody,@nouboudy,14421676,"14,421,676 views",4 years ago,1460,9877.86,7382,123.03,True
discovery_afro_deep_house,afro deep house mix 2026 1 hour no vocals,64.51,ZA_KC22qqR8,https://www.youtube.com/watch?v=ZA_KC22qqR8,Afro House 2026 Mix | Deep Melodic Set 🎧 | Black Coffee Style,Afro Records,@AfroRecords-68,585199,"585,199 views",2 months ago,60,9753.32,13552,225.87,True
discovery_cinematic_celtic_ambient,celtic ambient music 1 hour medieval fantasy relaxing,63.21,ipFaubyDUT4,https://www.youtube.com/watch?v=ipFaubyDUT4,Medieval Celtic Music and Fantasy Celtic Music - 10 Hour No ads,Fantasy Music Studio,@fantasymusicstudiolabel,9968836,"9,968,836 views",3 years ago,1095,9103.96,37561,626.02,True
current_spanish_gospel_blues,Dios conoce tu dolor Gospel Blues en Español 1 hora,63.15,gNCUhToiZjE,https://www.youtube.com/watch?v=gNCUhToiZjE,Que bueno es el señor (Country Cristiano),GRUPO LA TRIBU OFICIAL,/channel/UCpMtdsn9leYmphmKYAuI-kA,2391820,"2,391,820 views",3 months ago,90,26575.78,300,5.0,False
discovery_dark_academia_piano,dark academia piano playlist for reading 1 hour,62.52,SllpB3W5f6s,https://www.youtube.com/watch?v=SllpB3W5f6s,you study to prepare for the upcoming exam | Dark academia playlist,Toxic Drunker,@ToxicDrunker_,9592397,"9,592,397 views",3 years ago,1095,8760.18,12664,211.07,True
discovery_afro_deep_house,afro house sunset mix 1 hour deep house,61.73,x4JuLSnH6G8,https://www.youtube.com/watch?v=x4JuLSnH6G8,Afro House Sunset Mix 2025 | Public Beach Party Vibes,SUNDANCE,@sundance__music,5790038,"5,790,038 views",1 year ago,365,15863.12,4826,80.43,True
current_ptbr_country_gospel_blues,Country Blues Gospel português playlist completa oração madrugada,61.6,GyCzr7tV9VA,https://www.youtube.com/watch?v=GyCzr7tV9VA,Heróis da Fé: Quando Deus Transforma Dor em Glória | DAVI LUCCAS| BLUE GOSPEL,Davi Blues,/channel/UCIm3-7uNO1LEUn-cUo3GKKg,647859,"647,859 views",Streamed 2 months ago,60,10797.65,5648,94.13,True
current_jazz_lounge,smooth jazz lounge 1 hour 30 relaxing instrumental,60.45,dE-RxHJHpMY,https://www.youtube.com/watch?v=dE-RxHJHpMY,Smooth Jazz & Soulful R&B Instrumental – Chill Background Music for Relaxing,Jazzy Soul Music,/channel/UC7gu1mcUVPhrxJispwgSXmA,2820187,"2,820,187 views",1 year ago,365,7726.54,7690,128.17,True
discovery_dark_academia_piano,dark academia classical music 1 hour studying rain,60.43,DCt-k9DCWsQ,https://www.youtube.com/watch?v=DCt-k9DCWsQ,Dark Academia Piano Music with Rain Sounds | Gothic Reading Library Ambience | Study Music,Nostalgic Dark Academia,@Nostalgic.DarkAcademia,925867,"925,867 views",4 months ago,120,7715.56,11961,199.35,True
current_jazz_lounge,jazz cafe music for work study relaxing 1 hour,60.38,Y4anm6w0uiA,https://www.youtube.com/watch?v=Y4anm6w0uiA,"Happy Jazz & Bossa Nova Music - Happy Cafe Music For Work, Study",Bossa Nova Jazz,@BossaNovaJazz-ww7dp,5615020,"5,615,020 views",2 years ago,730,7691.81,11458,190.97,True
current_jazz_lounge,jazz cafe music for work study relaxing 1 hour,60.28,8cN7LWGO-gE,https://www.youtube.com/watch?v=8cN7LWGO-gE,Positive JAZZ - Morning Music To Start The Day,Lounge Music and Relax Music,,16732586,"16,732,586 views",6 years ago,2190,7640.45,7825,130.42,True
current_dark_deep_house_noir_pulse,dark progressive house mix no vocals 1 hour 2026,59.88,csdBVbAp4F4,https://www.youtube.com/watch?v=csdBVbAp4F4,"Melodic Techno 2026 — Deep, Emotional & Progressive Set | Driving Focus Mix",Melodic techno room,@melodictechnoroom,1339011,"1,339,011 views",6 months ago,180,7438.95,12495,208.25,True
discovery_christian_sleep_ambient,christian sleep music 8 hours healing prayer instrumental,58.84,3L2A19r9q-U,https://www.youtube.com/watch?v=3L2A19r9q-U,8 Hours Of Healing Scriptures For Meditation And Sleep | Joseph Prince | Gospel Partner Resource,Joseph Prince,@JosephPrince,7575504,"7,575,504 views",3 years ago,1095,6918.27,28900,481.67,True
current_jazz_lounge,jazz cafe music for work study relaxing 1 hour,58.81,tMkvDp-jaes,https://www.youtube.com/watch?v=tMkvDp-jaes,"Positive mood jazz☕Relaxing Piano Jazz Music for Study, Work & Chill Out",Jazz & Coffe Shop,@jazzandcoffeeshop,7559937,"7,559,937 views",3 years ago,1095,6904.05,11777,196.28,True
current_jazz_lounge,jazz cafe music for work study relaxing 1 hour,58.39,c18WZZa4KIA,https://www.youtube.com/watch?v=c18WZZa4KIA,Fall Coffee Shop Bookstore Ambience with Relaxing Jazz Music & Rain Sounds [No Mid Roll Ads - No AI],Calmed By Nature,@CalmedByNature,7330462,"7,330,462 views",3 years ago,1095,6694.49,28922,482.03,True
current_jazz_lounge,smooth jazz lounge 1 hour 30 relaxing instrumental,57.51,_ytFg0hFad8,https://www.youtube.com/watch?v=_ytFg0hFad8,"Smooth Jazz Chillout Lounge • Smooth Jazz Saxophone Instrumental Music for Relaxing, Dinner, Study",Dr.SaxLove,/channel/UCNJFXYXkXt_P8bJUxb21MpA,35147864,"35,147,864 views",7 years ago,2555,13756.5,3799,63.32,True
current_ptbr_country_gospel_blues,Sertanejo Country Gospel 1 hora Deus conhece sua dor,57.49,OzDEF9BHGGc,https://www.youtube.com/watch?v=OzDEF9BHGGc,Coletânea Especial Para os Inscritos ❤️ 1 Hora de Louvor Sertão Gospel | Lourenço Dias,LOURENÇO DIAS,@louren%C3%A7odiasoficial,824601,"824,601 views",2 months ago,60,13743.35,3616,60.27,True
current_jazz_lounge,smooth jazz lounge 1 hour 30 relaxing instrumental,56.32,VTVC4weBFUA,https://www.youtube.com/watch?v=VTVC4weBFUA,New York Jazz Music 10 Hours - Relax Jazz Bar Classics,Relax Cafe Music,/channel/UCaCE5pzy49M8nQ59plgmFOA,12397810,"12,397,810 views",6 years ago,2190,5661.1,36001,600.02,True
current_dark_deep_house_noir_pulse,dark progressive house mix no vocals 1 hour 2026,56.31,ZH-tHW9K5jI,https://www.youtube.com/watch?v=ZH-tHW9K5jI,Best of Deep House [2026] | Melodic House & Progressive Vibes,NAVTUNE,/channel/UC9vofs3PQi2afApCEm_n3TQ,2367858,"2,367,858 views",6 months ago,180,13154.77,4331,72.18,True
current_dark_deep_house_noir_pulse,after 2am dark deep house mix focus no vocals,56.2,xDih5SwFs_c,https://www.youtube.com/watch?v=xDih5SwFs_c,𝟮𝗮𝗺.,Lost Sounds,@LSTSOUNDS,9563474,"9,563,474 views",2 years ago,730,13100.65,3627,60.45,True
discovery_cinematic_celtic_ambient,celtic ambient music 1 hour medieval fantasy relaxing,55.83,mm0QSsRwzUo,https://www.youtube.com/watch?v=mm0QSsRwzUo,Home Beyond the Vale | Fantasy Celtic Ambience | Relaxing Music [No Ads],Strings of Eternity,@StringsofEternity,974878,"974,878 views",6 months ago,180,5415.99,11543,192.38,True
current_dark_deep_house_noir_pulse,dark progressive house mix no vocals 1 hour 2026,55.57,z_7F9q7EIoI,https://www.youtube.com/watch?v=z_7F9q7EIoI,Deep Melodic Techno & Trance Journey – Hypnotic Mix for Travel,Luma Beats Street,@LumaBeatsStreet,1585872,"1,585,872 views",10 months ago,300,5286.24,10801,180.02,True
current_spanish_gospel_blues,Dios conoce tu dolor Gospel Blues en Español 1 hora,55.24,cHp537myNJM,https://www.youtube.com/watch?v=cHp537myNJM,BEST SPANISH SOUL BLUES | Layah Noir,Layah Noir,/channel/UCE0HlOY25Mgb4HeK8GIqIiA,1142809,"1,142,809 views",5 months ago,150,7618.73,6148,102.47,True
discovery_dark_academia_piano,dark academia classical music 1 hour studying rain,55.24,rrfsfWrxfiA,https://www.youtube.com/watch?v=rrfsfWrxfiA,You're Reading in an 18th Century Library and It's Raining Outside | Dark Classical Academia,StudyMD,@StudyMD,5608625,"5,608,625 views",3 years ago,1095,5122.03,25291,421.52,True
discovery_christian_sleep_ambient,christian sleep music 8 hours healing prayer instrumental,54.33,4BOmnyl6YNU,https://www.youtube.com/watch?v=4BOmnyl6YNU,Ruach HaKodesh Soaking Worship Music Prayer | 8 Hours of Heavenly Peace for Deep Rest in Yeshua,Amets of Zion,/channel/UCv0baQW2f0X707-2TpYIWrA,139905,"139,905 views",1 month ago,30,4663.5,29479,491.32,True
discovery_dark_academia_piano,dark academia classical music 1 hour studying rain,54.16,D9km3yXmR8k,https://www.youtube.com/watch?v=D9km3yXmR8k,Dark Classical Academia - You’re studying in a large library at midnight 🕯️,StudyMD,@StudyMD,5013974,"5,013,974 views",3 years ago,1095,4578.97,7725,128.75,True
discovery_christian_sleep_ambient,christian sleep music 8 hours healing prayer instrumental,53.67,lECqlVT7TeA,https://www.youtube.com/watch?v=lECqlVT7TeA,"Christian Sleep Music | 10 Hours Sleep Ambience - Vol 1 | ""Night Clouds""",LightStream Media,@lightstreammediachannel,7907713,"7,907,713 views",5 years ago,1825,4332.99,36000,600.0,True
discovery_afro_deep_house,afro deep house mix 2026 1 hour no vocals,53.5,JrorYWOpsbs,https://www.youtube.com/watch?v=JrorYWOpsbs,🔥 AFRO / MELODIC HOUSE 2026 - DEEP & HYPNOTIC SET BLACK NIGHTS🔥 BLACK COFFEE | Afro House Radio,Afro House Radio,@Afro-House-Radio,2115077,"2,115,077 views",6 months ago,180,11750.43,4799,79.98,True
discovery_dark_academia_piano,dark academia classical music 1 hour studying rain,53.47,7vORdFWxIPg,https://www.youtube.com/watch?v=7vORdFWxIPg,You're Reading Alone at Victorian London by the Window | Rainy Autumn Ambience | Dark Academia,Nostalgic Dark Academia,@Nostalgic.DarkAcademia,1397682,"1,397,682 views",11 months ago,330,4235.4,13213,220.22,True
current_ptbr_country_gospel_blues,Country Blues Gospel português playlist completa oração madrugada,53.44,qqBlfkcbW9k,https://www.youtube.com/watch?v=qqBlfkcbW9k,DEUS RESPONDE 🙏 Salmos em Blue Gospel Para Acalmar a Alma | Davi Luccas| Blue Gospel,Davi Blues,/channel/UCIm3-7uNO1LEUn-cUo3GKKg,253128,"253,128 views",Streamed 2 months ago,60,4218.8,9514,158.57,True
current_dark_deep_house_noir_pulse,after 2am dark deep house mix focus no vocals,53.3,FDFqzVy2nI0,https://www.youtube.com/watch?v=FDFqzVy2nI0,"ｌａｔｅ　ｎｉｇｈｔ　ｖｉｂｅｓ //  Calm Vaporwave, Deep Ambient, Slowcore, Officewave",baby.murcielaga,@babymurcielaga,3029099,"3,029,099 views",2 years ago,730,4149.45,12798,213.3,True
current_jazz_lounge,jazz cafe music for work study relaxing 1 hour,53.03,8w5ELqXNlvk,https://www.youtube.com/watch?v=8w5ELqXNlvk,"Late Night Jazz Lounge🍷Relaxing Jazz Bar Classics for Working, Relaxing, Studying",Coffee Jazz Melody,/channel/UCKvKjZ3l9azWz4F49q2R3tQ,4395714,"4,395,714 views",3 years ago,1095,4014.35,43113,718.55,True
discovery_christian_sleep_ambient,soaking worship instrumental sleep music no words,52.85,Fg8EMYy_cCk,https://www.youtube.com/watch?v=Fg8EMYy_cCk,HOLY SPIRIT: Piano + Relaxing Rain Sounds - 10 Hour Sleep Music,Healing Project Music,/channel/UCzTkutStA8SWQGDw9J9qD6w,7159966,"7,159,966 views",5 years ago,1825,3923.27,36055,600.92,True
current_jazz_lounge,jazz cafe music for work study relaxing 1 hour,52.65,yzlV5VVfjnE,https://www.youtube.com/watch?v=yzlV5VVfjnE,Morning Jazz Cafe Music - Instrumental Soft Jazz Music & Relaxing Bossa Nova Piano for Begin the day,Cafe Cozy Jazz,/channel/UCyUTC3jCAaLd639lo9n9Bqw,2791539,"2,791,539 views",Streamed 2 years ago,730,3824.03,42900,715.0,True
discovery_afro_deep_house,afro house sunset mix 1 hour deep house,52.64,3G8f9miKY2A,https://www.youtube.com/watch?v=3G8f9miKY2A,"SUMMER AFRO HOUSE Sunset Mix 2025 (Avicii, The Weeknd, Coldplay, Diplo) - Summer Vibes #34",Afro Sounds,@AfroSounds-s2w,3734837,"3,734,837 views",11 months ago,330,11317.69,5057,84.28,True
discovery_christian_sleep_ambient,soaking worship instrumental sleep music no words,52.56,Gd0EeJvJeM8,https://www.youtube.com/watch?v=Gd0EeJvJeM8,"ME & JESUS - Soaking Worship Instrumental | Prayer, Devotional, Meditation, Quiet Worship",Sacred Calm ,@SacredCalm-v8n,680308,"680,308 views",6 months ago,180,3779.49,11393,189.88,True
current_jazz_lounge,smooth jazz lounge 1 hour 30 relaxing instrumental,52.42,pkW9ftZ6hfo,https://www.youtube.com/watch?v=pkW9ftZ6hfo,🎷 Smooth Jazz & Soulful R&B | Cozy All-Day Listening & Relaxation,Nova Jazz and 2 more,,2049022,"2,049,022 views",11 months ago,330,6209.16,6401,106.68,True
discovery_afro_deep_house,afro deep house mix 2026 1 hour no vocals,52.35,3tFpLXROVFs,https://www.youtube.com/watch?v=3tFpLXROVFs,Best of Deep House [2026] | Chill Mix & Deep Feelings #61,DeepChill Melody,@ChillMelody01,741019,"741,019 views",Streamed 4 months ago,120,6175.16,5501,91.68,True
current_jazz_lounge,smooth jazz lounge 1 hour 30 relaxing instrumental,52.22,JyDufyQt1uk,https://www.youtube.com/watch?v=JyDufyQt1uk,Smooth Jazz & Relaxing Instrumentals for Timeless Moments,CozySax,/channel/UCa3ft9rRGTLWAtZmwESrhCg,1191339,"1,191,339 views",11 months ago,330,3610.12,7641,127.35,True
current_jazz_lounge,smooth jazz lounge 1 hour 30 relaxing instrumental,52.16,E2sMjw13N8Q,https://www.youtube.com/watch?v=E2sMjw13N8Q,"Smooth Jazz Guitar Music - Cool Cafe Vibes • Relaxing Guitar Music for Cafe, Study & Work",Guitar Jazz Cafe,@guitar-jazz-cafe,429745,"429,745 views",4 months ago,120,3581.21,7397,123.28,True
current_jazz_lounge,jazz cafe music for work study relaxing 1 hour,52.14,ohky3u9WJ74,https://www.youtube.com/watch?v=ohky3u9WJ74,"Office JAZZ - Relaxing JAZZ Music For Work, Concentration and Focus",Relax Music and Lounge Music,,6516879,"6,516,879 views",Streamed 5 years ago,1825,3570.89,38819,646.98,True
current_jazz_lounge,smooth jazz lounge 1 hour 30 relaxing instrumental,51.95,u603jFgo9oE,https://www.youtube.com/watch?v=u603jFgo9oE,3 Hour Saxophone 2025 Kenny G 🎷 Musica De Los 70 80 Las 200 Grandes Exitos Instrumentales De Oro,Guitar Music Lounge,@GuitarMusicLoungeCh2025-4,1267903,"1,267,903 views",1 year ago,365,3473.71,10471,174.52,True
current_dark_deep_house_noir_pulse,dark progressive house mix no vocals 1 hour 2026,51.88,U3SPkP4y-rY,https://www.youtube.com/watch?v=U3SPkP4y-rY,'Night Drive' - Relaxing Deep House & Progressive House Mix,The Grand Sound,@TheGrandSound,15179726,"15,179,726 views",7 years ago,2555,5941.18,7009,116.82,True
discovery_cinematic_celtic_ambient,celtic ambient music 1 hour medieval fantasy relaxing,51.58,KHFyUGCdvB4,https://www.youtube.com/watch?v=KHFyUGCdvB4,"Relaxing Celtic Music - Beautiful Medieval Music - Celtic, Medieval, Tavern Music, Deserted Castle", FanTaisia Ambience,@FanTaisiaAmbience24,2400912,"2,400,912 views",Streamed 2 years ago,730,3288.92,42891,714.85,True
current_dark_deep_house_noir_pulse,after 2am dark deep house mix focus no vocals,51.57,D4pGB3ijptw,https://www.youtube.com/watch?v=D4pGB3ijptw,​,Ok? and nobody.,,2396564,"2,396,564 views",2 years ago,730,3282.96,21601,360.02,True
current_dark_deep_house_noir_pulse,dark progressive house mix no vocals 1 hour 2026,51.57,CU1Nmb9_-dI,https://www.youtube.com/watch?v=CU1Nmb9_-dI,"Melodic Techno 2026 — Deep, Atmospheric & Driving | Night Drive + Focus Mix",Melodic techno room,@melodictechnoroom,591233,"591,233 views",6 months ago,180,3284.63,12668,211.13,True
discovery_cinematic_celtic_ambient,celtic ambient music 1 hour medieval fantasy relaxing,51.4,MzvxL9HrpQM,https://www.youtube.com/watch?v=MzvxL9HrpQM,Relaxing Celtic Fantasy Music for Study & Relaxation | The Path Into the Quiet Forest,Ancient Forest Melodies,@AncientForestMelodies,383931,"383,931 views",4 months ago,120,3199.43,7747,129.12,True
discovery_afro_deep_house,afro deep house mix 2026 1 hour no vocals,51.18,0pKETQNC4BI,https://www.youtube.com/watch?v=0pKETQNC4BI,Afro House Mix 2026 🌅 Best Afro Deep & Tribal Grooves | Sunset Energy Mix #VOL 34,Jungle Pulse House,@JunglePulseHouse,635348,"635,348 views",2 months ago,60,10589.13,5094,84.9,True
discovery_cinematic_celtic_ambient,dark celtic ambient music for studying 1 hour,51.18,8dGZsyV8WgU,https://www.youtube.com/watch?v=8dGZsyV8WgU,10 Hours of Celtic Music by Adrian von Ziegler,Adrian von Ziegler,/channel/UCSeJA6az0GrNM4_-pl3HQSQ,4513447,"4,513,447 views",4 years ago,1460,3091.4,36008,600.13,True
discovery_dark_academia_piano,dark academia classical music 1 hour studying rain,50.92,FQfsDannYBU,https://www.youtube.com/watch?v=FQfsDannYBU,You're Reading an Classic Book in a Gothic Library  with Rain Sounds | Dark Academia for Relax Mood,𝔻𝕒𝕣𝕜ℕ𝕚𝕘𝕙𝕥 𝕊𝕔𝕒𝕣𝕖,@DarkNightScared,887399,"887,399 views",Streamed 10 months ago,300,2958.0,14251,237.52,True
discovery_dark_academia_piano,gothic study music dark academia ambience,50.85,LmDENE8AGIc,https://www.youtube.com/watch?v=LmDENE8AGIc,Cozy Winter Study Room | Gothic Ambience with Fireplace & Snowfall |Dark Academia Music for Studying,Dark Academia ,@darkmusicno1,701504,"701,504 views",Streamed 8 months ago,240,2922.93,42897,714.95,True
current_jazz_lounge,smooth jazz lounge 1 hour 30 relaxing instrumental,50.71,rJ8aG3Y-Kv0,https://www.youtube.com/watch?v=rJ8aG3Y-Kv0,🔥 Cozy Smooth Jazz Music Fireplace ⏐ No Ads,Relax with TV Backgrounds,@RelaxwithTVBackgrounds,684757,"684,757 views",8 months ago,240,2853.15,43200,720.0,True
current_dark_deep_house_noir_pulse,after 2am dark deep house mix focus no vocals,50.7,eeD0bjlVggo,https://www.youtube.com/watch?v=eeD0bjlVggo,this is what deep ambient techno is supposed to feel like,lowkey ambient,@lowkeyambient,1552703,"1,552,703 views",5 months ago,150,10351.35,3793,63.22,True
discovery_cinematic_celtic_ambient,dark celtic ambient music for studying 1 hour,50.61,CU3ljg1JJhg,https://www.youtube.com/watch?v=CU3ljg1JJhg,Fantasy Music for Study & Relaxation — The Mage’s Terrace of Solace,Celesthyr,@Celesthyr,1023074,"1,023,074 views",1 year ago,365,2802.94,8542,142.37,True
discovery_latin_gospel_lofi,lofi cristiano en español para dormir estudiar,50.57,DKEfhpkXoNs,https://www.youtube.com/watch?v=DKEfhpkXoNs,Time With Jesus (Instrumental Lofi Worship),The Lofi Christian,/channel/UCwckSFwCQbw_BiCzNab44Ng,1017284,"1,017,284 views",1 year ago,365,2787.08,7492,124.87,True
discovery_dark_academia_piano,gothic study music dark academia ambience,50.5,TJ2da0s1MOE,https://www.youtube.com/watch?v=TJ2da0s1MOE,"Rainy Gothic Avenue at Dusk | Dark Academia Piano for Reading, Writing & Midnight Study",Dark Academia Nights,@darkacademianights-s9v,329817,"329,817 views",4 months ago,120,2748.47,10813,180.22,True
current_jazz_lounge,smooth jazz lounge 1 hour 30 relaxing instrumental,50.43,4sFWa9KEHY4,https://www.youtube.com/watch?v=4sFWa9KEHY4,"Smooth Whiskey Jazz | Soulful Blues Melodies for Focus, Study & Cozy Evenings, Whiskey Lounge Jazz",Old Whiskey Blues,@Old_Whiskey_Blues,733378,"733,378 views",9 months ago,270,2716.21,7730,128.83,True
discovery_cinematic_celtic_ambient,celtic ambient music 1 hour medieval fantasy relaxing,50.3,HUyMcGdmQYc,https://www.youtube.com/watch?v=HUyMcGdmQYc,"Relaxing Medieval Music | Medieval Celtic Music - Fantasy, Celtic, Folk - Daily Life As A Villager",Mystic Celtic,@MysticCeltic68,966340,"966,340 views",1 year ago,365,2647.51,11408,190.13,True
discovery_dark_academia_piano,dark academia classical music 1 hour studying rain,50.22,3WhP2KcA4Zk,https://www.youtube.com/watch?v=3WhP2KcA4Zk,"the more you learn, the lonelier it becomes | dark academia playlist",memoriae,/channel/UCYUBerFKFc7M-5mfBUuqG_Q,705368,"705,368 views",9 months ago,270,2612.47,7300,121.67,True
current_jazz_lounge,smooth jazz lounge 1 hour 30 relaxing instrumental,50.19,UM4mcdNMnss,https://www.youtube.com/watch?v=UM4mcdNMnss,1940s New York Jazz Lounge – Vintage Jazz Classics,Lepreezy,@Lepreezy,947790,"947,790 views",1 year ago,365,2596.68,14289,238.15,True
discovery_christian_sleep_ambient,christian sleep music 8 hours healing prayer instrumental,49.92,K-MC4jB65xc,https://www.youtube.com/watch?v=K-MC4jB65xc,8 Hours of Saxophone instrumental Christian Music | Time alone with God | Prayer Meditation,Soothing Music,@URIELVEGAMUSIC,4488052,"4,488,052 views",5 years ago,1825,2459.21,28535,475.58,True
current_dark_deep_house_noir_pulse,dark progressive house mix no vocals 1 hour 2026,49.82,Ca5EtR-TAco,https://www.youtube.com/watch?v=Ca5EtR-TAco,Chill Deep House Mix 2026 – Relaxing Sunset Vibes for Studying & Focus | Best Songs, Inner Deep Radio,@InnerDeepRadio-r4j,650854,"650,854 views",9 months ago,270,2410.57,10846,180.77,True
discovery_afro_deep_house,afro deep house mix 2026 1 hour no vocals,49.82,Ca5EtR-TAco,https://www.youtube.com/watch?v=Ca5EtR-TAco,Chill Deep House Mix 2026 – Relaxing Sunset Vibes for Studying & Focus | Best Songs, Inner Deep Radio,@InnerDeepRadio-r4j,650854,"650,854 views",9 months ago,270,2410.57,10846,180.77,True
discovery_dark_academia_piano,dark academia piano playlist for reading 1 hour,49.78,eQjSQ_0P_7w,https://www.youtube.com/watch?v=eQjSQ_0P_7w,Cozy Reading Alone from Your Bed with Castle View | Dark Academia Piano for Calm Study & Reflection,𝔻𝕒𝕣𝕜ℕ𝕚𝕘𝕙𝕥 𝕊𝕔𝕒𝕣𝕖,@DarkNightScared,645588,"645,588 views",Streamed 9 months ago,270,2391.07,14313,238.55,True
current_jazz_lounge,jazz cafe music for work study relaxing 1 hour,49.76,qSk38oym3U4,https://www.youtube.com/watch?v=qSk38oym3U4,(NO MID-ROLL ADS) Calm & Relaxing Spring Jazz 🌸 Spring Coffee Shop Ambience,Chill Jazz Station,/channel/UCa8uIf1mePRF34SyGPejoAg,868234,"868,234 views",1 year ago,365,2378.72,12191,203.18,True
discovery_dark_academia_piano,dark academia piano playlist for reading 1 hour,49.72,e497fSxcANE,https://www.youtube.com/watch?v=e497fSxcANE,"Cozy Autumn Reading Nook | Silent Hours in an Old Room | Dark Academia Music for Writing, Reflection",Raven's Quill,@Raven_Quill,861356,"861,356 views",1 year ago,365,2359.88,13216,220.27,True
discovery_christian_sleep_ambient,soaking worship instrumental sleep music no words,49.65,QmXalz0lU7U,https://www.youtube.com/watch?v=QmXalz0lU7U,REST IN JESUS - Soaking Worship Music | Instrumental for Prayer & Meditation,Divine Rhythm,@divinerhythm8386,849168,"849,168 views",1 year ago,365,2326.49,11214,186.9,True
current_jazz_lounge,jazz cafe music for work study relaxing 1 hour,49.64,ZbyxjGE885I,https://www.youtube.com/watch?v=ZbyxjGE885I,Jazz at the Library 📚 1 Hour Jazz Music 📖 Library Ambience | Studying Music | Work Aid 🎧,Chill Crossing Hour,@ChillCrossingHour,3584444,"3,584,444 views",1 year ago,365,9820.39,3906,65.1,True
current_jazz_lounge,rainy night jazz coffee shop ambience 2026,49.61,VhbID9DZns8,https://www.youtube.com/watch?v=VhbID9DZns8,Night Owl Jazz Cafe Ambience with Relaxing Jazz Music & Rain Sounds,Calmed By Nature,@CalmedByNature,3362175,"3,362,175 views",4 years ago,1460,2302.86,28981,483.02,True
current_spanish_gospel_blues,Dios conoce tu dolor Gospel Blues en Español 1 hora,49.38,BMFtqFtmYUw,https://www.youtube.com/watch?v=BMFtqFtmYUw,Sangre Que Me Da La Paz ✝️ | Blues Gospel – Voz Profunda y Espíritu Santo 🔥 Cruz & Blues Worship,Cruz y Blues Worship,/channel/UCiuY4qiQcRlLPePRN7PlqlA,4726021,"4,726,021 views",8 months ago,240,19691.75,245,4.08,False
discovery_cinematic_celtic_ambient,celtic ambient music 1 hour medieval fantasy relaxing,49.37,9yN4JUyfxeU,https://www.youtube.com/watch?v=9yN4JUyfxeU,Enchanted Lands (3 Hours) – Celtic Medieval | Relaxing Fantasy Music,Celtic Soul ,@CelticSoulAmbience,721616,"721,616 views",11 months ago,330,2186.72,11049,184.15,True
discovery_dark_academia_piano,dark academia classical music 1 hour studying rain,49.34,GNJE__4ZtvE,https://www.youtube.com/watch?v=GNJE__4ZtvE,Gibran Alcocer - All ideas playlist (1 Hour + Rain),Dreamland,@TVdreamland1,3530173,"3,530,173 views",1 year ago,365,9671.71,4008,66.8,True
discovery_dark_academia_piano,gothic study music dark academia ambience,49.32,20uf9i6xfJQ,https://www.youtube.com/watch?v=20uf9i6xfJQ,Dark Academia Piano and Cello | Reading in an Old Gothic Castle on a Stormy Night,Elemental SoundWorks,/channel/UCdsLSmcM1e6cHfYEVzuToGw,1577307,"1,577,307 views",2 years ago,730,2160.69,13178,219.63,True
discovery_christian_sleep_ambient,soaking worship instrumental sleep music no words,49.31,to7oosfpo9g,https://www.youtube.com/watch?v=to7oosfpo9g,12 Hours of Heavenly Hymns Cello and Piano 😌 No Repeats & No Ads,Prayer Pray,/channel/UChh_8d48Ps7E8Hlou8Ji5cA,387691,"387,691 views",6 months ago,180,2153.84,43094,718.23,True
discovery_cinematic_celtic_ambient,celtic ambient music 1 hour medieval fantasy relaxing,49.27,3qTDdzmzGPg,https://www.youtube.com/watch?v=3qTDdzmzGPg,An Ode to the Moon | Fantasy Celtic Ambience | Relaxing Music [No Ads],Strings of Eternity,@StringsofEternity,256287,"256,287 views",4 months ago,120,2135.72,10949,182.48,True
current_jazz_lounge,rainy night jazz coffee shop ambience 2026,49.18,r1z5wWNJiU4,https://www.youtube.com/watch?v=r1z5wWNJiU4,Cozy Spring Rain Coffee Shop ☕ Soft Jazz Piano & Fireplace Sounds for Work & Relax,Cozy Jazz Coffee,@CozyJazzCoffeee,313247,"313,247 views",5 months ago,150,2088.31,13660,227.67,True
discovery_dark_academia_piano,gothic study music dark academia ambience,49.15,Y2SpJEGbClI,https://www.youtube.com/watch?v=Y2SpJEGbClI,Gothic Winter Evenings | Dark Academia Tunes for Walking Through Snowy Streets | Melancholic Piano,STARLIGHT SKYBLUE,@STARLIGHTSKYBLUEE,757459,"757,459 views",Streamed 1 year ago,365,2075.23,39555,659.25,True
discovery_dark_academia_piano,dark academia classical music 1 hour studying rain,49.12,jc_MDDgPlYU,https://www.youtube.com/watch?v=jc_MDDgPlYU,"the smell of old books, rain and hot tea x dark academia playlist",Toxic Drunker,@ToxicDrunker_,1504290,"1,504,290 views",2 years ago,730,2060.67,12047,200.78,True
discovery_christian_sleep_ambient,christian sleep music 8 hours healing prayer instrumental,49.1,D1nWUgIwRwQ,https://www.youtube.com/watch?v=D1nWUgIwRwQ,Peaceful Instrumental Worship - 8 Hours of Relaxing Acoustic Guitar - Josh Snodgrass,Josh Snodgrass,/channel/UCpo9FHTBqBxtGWvNBPXW_1Q,2993797,"2,993,797 views",4 years ago,1460,2050.55,28922,482.03,True
current_jazz_lounge,jazz cafe music for work study relaxing 1 hour,49.04,72kUZ1LaI7U,https://www.youtube.com/watch?v=72kUZ1LaI7U,"Cafe Music 4K - Relaxing Jazz Music with Latte Art Scenes - Instrumental Piano Music for Study, Work",Space Jazz,@spacejazzchannel,2213862,"2,213,862 views",3 years ago,1095,2021.79,13164,219.4,True
discovery_cinematic_celtic_ambient,dark celtic ambient music for studying 1 hour,49.04,6aqQvH162y8,https://www.youtube.com/watch?v=6aqQvH162y8,"Celtic Harp and Flute - Healing Music - Deeply Relaxing and Soothing Music, Mossy Medieval Castle", FanTaisia Ambience,@FanTaisiaAmbience24,1473269,"1,473,269 views",Streamed 2 years ago,730,2018.18,42899,714.98,True
discovery_latin_gospel_lofi,christian lofi beats prayer study 1 hour,48.98,P-XnYn3FUq4,https://www.youtube.com/watch?v=P-XnYn3FUq4,"Christian Lofi Playlist - To relax, chill, study, or pray to. 📚",REDEFINED TV,@Beredefined,725985,"725,985 views",1 year ago,365,1989.0,11284,188.07,True
discovery_dark_academia_piano,gothic study music dark academia ambience,48.94,-Dd1xB7Xaac,https://www.youtube.com/watch?v=-Dd1xB7Xaac,A Lonely Night with a Castle View | Dark Academia Ambience for Reading | Relaxing Fireplace,Nostalgic Dark Academia,@Nostalgic.DarkAcademia,295571,"295,571 views",5 months ago,150,1970.47,11959,199.32,True
discovery_christian_sleep_ambient,soaking worship instrumental sleep music no words,48.93,p-LomsBQ8hA,https://www.youtube.com/watch?v=p-LomsBQ8hA,Healing - Two Hours of Instrumental Worship | Prayer Music | Sleep Music | Spontaneous Worship,Dan Musselman,/channel/UCuG1wOLEw11GDOodH--MS6w,4304617,"4,304,617 views",6 years ago,2190,1965.58,8312,138.53,True
current_dark_deep_house_noir_pulse,dark progressive house mix no vocals 1 hour 2026,48.77,ORUAFpaIkqM,https://www.youtube.com/watch?v=ORUAFpaIkqM,Deep House Music 2026 | Sunset Beach Club Vibes ~ Chill Deep House Mix Playlist & Best Songs, Inner Deep Radio,@InnerDeepRadio-r4j,508457,"508,457 views",9 months ago,270,1883.17,11041,184.02,True
discovery_christian_sleep_ambient,soaking worship instrumental sleep music no words,48.64,1zESzN4B62Y,https://www.youtube.com/watch?v=1zESzN4B62Y,Breakthrough | Instrumental Worship | Soaking in His Presence,Soaking in His Presence,@SoakinginHisPresence,3319983,"3,319,983 views",5 years ago,1825,1819.17,35728,595.47,True
current_jazz_lounge,smooth jazz lounge 1 hour 30 relaxing instrumental,48.63,KQrJOFnX0Aw,https://www.youtube.com/watch?v=KQrJOFnX0Aw,Smooth Jazz & R&B 90s – Fresh Start with Feel-Good Soulful Flow. Vol. 55,Smooth Operator,/channel/UCFCiqUekvZq199FCuX3r__A,490014,"490,014 views",9 months ago,270,1814.87,7676,127.93,True
discovery_dark_academia_piano,dark academia piano playlist for reading 1 hour,48.58,26Ch2vKsgTg,https://www.youtube.com/watch?v=26Ch2vKsgTg,"𝐃𝐚𝐫𝐤 𝐀𝐜𝐚𝐝𝐞𝐦𝐢𝐚 𝐏𝐥𝐚𝐲𝐥𝐢𝐬𝐭 𝐟𝐨𝐫 𝐖𝐡𝐞𝐧 𝐍𝐨𝐛𝐨𝐝𝐲 𝐊𝐧𝐨𝐰𝐬 𝐓𝐡𝐞 𝐑𝐞𝐚𝐥 𝐘𝐨𝐮 | 𝐌𝐞𝐥𝐚𝐧𝐜𝐡𝐨𝐥𝐢𝐜 𝐌𝐮𝐬𝐢𝐜 𝐭𝐨 𝐒𝐭𝐮𝐝𝐲, 𝐑𝐞𝐚𝐝, 𝐖𝐫𝐢𝐭𝐞",𝐑𝐄𝐆𝐍𝐔𝐌 𝐔𝐌𝐁𝐑𝐀𝐄,/channel/UCfZVLUVgZGUaiSV_jNNiHnw,1305669,"1,305,669 views",2 years ago,730,1788.59,7376,122.93,True
discovery_dark_academia_piano,dark academia classical music 1 hour studying rain,48.56,3-d5Wwuu3cM,https://www.youtube.com/watch?v=3-d5Wwuu3cM,Cozy Reading Secret Nook | Dark Academia Autumn Playlist with Rain Sounds | Classical Piano & Violin,Dark Academia  and Relaxing Dark BGM,,533530,"533,530 views",Streamed 10 months ago,300,1778.43,42898,714.97,True
discovery_latin_gospel_lofi,música cristiana lofi para estudiar orar 1 hora,48.55,yaTEX4bXiZc,https://www.youtube.com/watch?v=yaTEX4bXiZc,Best of Christian Lofi 🙏🏽 [chill instrumental worship] 🙏🏻,The Lofi Christian,/channel/UCwckSFwCQbw_BiCzNab44Ng,1296795,"1,296,795 views",2 years ago,730,1776.43,7736,128.93,True
current_ptbr_country_gospel_blues,Sertanejo Country Gospel 1 hora Deus conhece sua dor,48.54,0jcMC65fsfg,https://www.youtube.com/watch?v=0jcMC65fsfg,Músicas de Fé | Louvores Sertanejos Que Acalmam o Coração e Fortalecem a Alma,Estrada Sertaneja,@EstradaSertaneja-YT,1734367,"1,734,367 views",3 months ago,90,19270.74,1684,28.07,False
discovery_latin_gospel_lofi,lofi cristiano en español para dormir estudiar,48.42,6cVHKr13tQg,https://www.youtube.com/watch?v=6cVHKr13tQg,"Christian lofi~study, work, focus, peace, chill, productivity, sleep, stress relief~Yoni Charis",Yoni Charis,/channel/UCOjO2mZ3MZE9P__xDxTv27A,2496665,"2,496,665 views",4 years ago,1460,1710.04,18664,311.07,True
discovery_latin_gospel_lofi,música cristiana lofi para estudiar orar 1 hora,48.41,0hQwrvslJeI,https://www.youtube.com/watch?v=0hQwrvslJeI,Salmos 1-40| 2 Horas de Música Lofi Country Cristiana |Uplifting Praise Playlist para Orar y Meditar,Faith & Fe ,@FaitFe,621531,"621,531 views",1 year ago,365,1702.82,7755,129.25,True
discovery_cinematic_celtic_ambient,dark celtic ambient music for studying 1 hour,48.41,XdKFpo_ceY4,https://www.youtube.com/watch?v=XdKFpo_ceY4,Vargr - Meditative Nordic Viking Shamanic Music for Deep Relaxation,Rhythms of the World,/channel/UCJG8kzfZrs_POnSkvrknAcw,357938,"357,938 views",7 months ago,210,1704.47,9950,165.83,True
current_dark_deep_house_noir_pulse,dark progressive house mix no vocals 1 hour 2026,48.36,jB8zCEsPn_I,https://www.youtube.com/watch?v=jB8zCEsPn_I,no vocals house music for studying / working / coding - from distraction to focus,SOUND ISLAND,@soundlisland,613532,"613,532 views",1 year ago,365,1680.91,8700,145.0,True
discovery_afro_deep_house,afro deep house mix 2026 1 hour no vocals,48.36,jB8zCEsPn_I,https://www.youtube.com/watch?v=jB8zCEsPn_I,no vocals house music for studying / working / coding - from distraction to focus,SOUND ISLAND,@soundlisland,613532,"613,532 views",1 year ago,365,1680.91,8700,145.0,True
current_jazz_lounge,jazz cafe music for work study relaxing 1 hour,48.25,hTLa16ZwgX0,https://www.youtube.com/watch?v=hTLa16ZwgX0,"Library Coffee Shop Ambience with Smooth Jazz Music for Relaxing, Studying and Working",Coffee Shop Vibes,@CoffeeShopVibes,1778367,"1,778,367 views",3 years ago,1095,1624.08,13148,219.13,True
discovery_christian_sleep_ambient,soaking worship instrumental sleep music no words,48.22,XhASEIFbdkI,https://www.youtube.com/watch?v=XhASEIFbdkI,IN HIS PRESENCE - Soaking worship instrumental | Prayer and Devotional,Central Record,@CentralRecord,3325979,"3,325,979 views",1 year ago,365,9112.27,3809,63.48,True
discovery_christian_sleep_ambient,christian sleep music 8 hours healing prayer instrumental,48.11,XT8lVUM_SKU,https://www.youtube.com/watch?v=XT8lVUM_SKU,"Rest || 12-Hour Christian Sleep Music | Piano Instrumental for Sleep, Prayer and Worship",Depths of Worship,@DepthsofWorship,1136864,"1,136,864 views",2 years ago,730,1557.35,42289,704.82,True
discovery_latin_gospel_lofi,lofi cristiano en español para dormir estudiar,48.06,TNobejxQWvc,https://www.youtube.com/watch?v=TNobejxQWvc,"forrest frank but it's lofi - christian lofi 2 hour playlist for study, prayer, chill or work.",LowlyFM,@lowlyfm,458682,"458,682 views",10 months ago,300,1528.94,7360,122.67,True
current_ptbr_country_gospel_blues,Country Gospel Blues português 1 hora louvores para acalmar o coração,48.04,3A1nymotVL0,https://www.youtube.com/watch?v=3A1nymotVL0,【Country Gospel 2】 Calm Playlist / for Relax / Hope / Strength / Encouragement,Country Gospel Spirit,@Country.Gospel.Spirit,1468156,"1,468,156 views",1 year ago,365,4022.35,5488,91.47,True
current_spanish_gospel_blues,Gospel Blues en español 1 hora alabanzas para orar dormir,48.04,GG35TCx8U5g,https://www.youtube.com/watch?v=GG35TCx8U5g,8 HORAS DE MUSICA CRISTIANA DE ADORACION SIN ANUNCIOS PUBLICITARIOS PARA BENDECIR EL DIA,Música Para Devocional,@musicaparadevocional,1108524,"1,108,524 views",2 years ago,730,1518.53,28453,474.22,True
discovery_cinematic_celtic_ambient,celtic ambient music 1 hour medieval fantasy relaxing,47.98,xAz5tD8QmnQ,https://www.youtube.com/watch?v=xAz5tD8QmnQ,Medieval & Celtic Fantasy Music for Working and Studying,Healing Harmony Piano,@HealingHarmonyPiano-s3,543568,"543,568 views",1 year ago,365,1489.23,11451,190.85,True
current_jazz_lounge,jazz cafe music for work study relaxing 1 hour,47.93,R0gWefJXBuU,https://www.youtube.com/watch?v=R0gWefJXBuU,"Smooth & Chill Guitar | Smooth Jazz Guitar | Playlist at Work | Study, Relaxing & Soothing",Chill Guitar Music,/channel/UC_hOdGU7CK_jfckv2C6kmFA,2673498,"2,673,498 views",5 years ago,1825,1464.93,41825,697.08,True
discovery_christian_sleep_ambient,christian sleep music 8 hours healing prayer instrumental,47.64,-h9Vl4dxeNU,https://www.youtube.com/watch?v=-h9Vl4dxeNU,"God's Promises: 8 Hour Piano Worship Instrumental | Prayer, Meditation & Relaxation Music",DappyTKeys,/channel/UCGr0_ltrKMMsUDWPvrXvtJw,1447573,"1,447,573 views",3 years ago,1095,1321.98,29152,485.87,True
discovery_christian_sleep_ambient,christian sleep music 8 hours healing prayer instrumental,47.61,rdezlUHUM-c,https://www.youtube.com/watch?v=rdezlUHUM-c,"8 Hour Piano Instrumental Music for Sleep, Relaxation & Stress Relief",DappyTKeys,/channel/UCGr0_ltrKMMsUDWPvrXvtJw,2385939,"2,385,939 views",5 years ago,1825,1307.36,28865,481.08,True
discovery_dark_academia_piano,dark academia classical music 1 hour studying rain,47.53,ZRqtJvn5NR0,https://www.youtube.com/watch?v=ZRqtJvn5NR0,Gothic Reading Nook Under Warm Lights | Victorian Library Autumn Night | Dark Academia Ambience,Dark Academia ,@darkmusicno1,416966,"416,966 views",Streamed 11 months ago,330,1263.53,42896,714.93,True
discovery_christian_sleep_ambient,christian sleep music 8 hours healing prayer instrumental,47.49,cix2EizT57Q,https://www.youtube.com/watch?v=cix2EizT57Q,Christian Sleep Music 😴 10 Hours Relaxing Sleep Instrumental 😴 Night Ambience,Prayer Pray,/channel/UChh_8d48Ps7E8Hlou8Ji5cA,1362951,"1,362,951 views",3 years ago,1095,1244.7,36029,600.48,True
current_spanish_gospel_blues,Blues Cristiano en español alabanzas cristianas 1H30,47.48,J0hvkIcnGek,https://www.youtube.com/watch?v=J0hvkIcnGek,Canciones De Adoracion En Español/Worship Songs in Spanish/ Musica Cristiana,G FAVOR ALL FOR JESUS Español,@GFAVORALLFORJESUS,452310,"452,310 views",1 year ago,365,1239.21,12621,210.35,True
discovery_dark_academia_piano,dark academia classical music 1 hour studying rain,47.47,NxHLSbHOkdc,https://www.youtube.com/watch?v=NxHLSbHOkdc,Dark Academia | Classical Music for Studying,HALIDONMUSIC,@HALIDONMUSIC,1802763,"1,802,763 views",4 years ago,1460,1234.77,7606,126.77,True
current_spanish_gospel_blues,Gospel Blues en español 1 hora alabanzas para orar dormir,47.36,2Rc6hBX1apo,https://www.youtube.com/watch?v=2Rc6hBX1apo,Cuando el Alma Duele | Blues Gospel Profundo para Sanidad Interior,Gospel Blues House,@GospelBluesHouses,662413,"662,413 views",6 months ago,180,3680.07,6018,100.3,True
current_ptbr_country_gospel_blues,Country Blues Gospel português playlist completa oração madrugada,47.34,I7FmQka3Ekg,https://www.youtube.com/watch?v=I7FmQka3Ekg,horas de louvores  Tela Preta,VÍDEOS TELA PRETA SONS PARA DORMIR,@videostelapretasonsparador9178,1706817,"1,706,817 views",4 years ago,1460,1169.05,18001,300.02,True
current_ptbr_country_gospel_blues,Country Blues Gospel português playlist completa oração madrugada,47.26,VX-azBct7Mc,https://www.youtube.com/watch?v=VX-azBct7Mc,"LOUVORES CALMOS PARA DORMIR, COM TELA ESCURA - Melhores hinos de 2023- 2024",Melhores Músicas Gospel,@melhoresmusicasgospel6682,824190,"824,190 views",2 years ago,730,1129.03,7219,120.32,True
discovery_cinematic_celtic_ambient,dark celtic ambient music for studying 1 hour,47.26,jWObTfiovD8,https://www.youtube.com/watch?v=jWObTfiovD8,Epic Celtic Music Mix - Most Powerful & Beautiful Celtic Music | Vol.1,Epic Music World,@EpicMusicWorld_Official,14572882,"14,572,882 views",11 years ago,4015,3629.61,5741,95.68,True
discovery_christian_sleep_ambient,soaking worship instrumental sleep music no words,47.25,DlAZxnpsFdo,https://www.youtube.com/watch?v=DlAZxnpsFdo,"Modern Hymns - Instrumental Worship - 5 HOURS - Hillsong, Jesus Culture, Matt Redman, Chris Tomlin.",David Andrew,/channel/UC1UP7iPrw9JuMVfaqQphQDg,2055198,"2,055,198 views",5 years ago,1825,1126.14,18657,310.95,True
current_dark_deep_house_noir_pulse,dark progressive house mix no vocals 1 hour 2026,47.18,QiF0E3K_r-U,https://www.youtube.com/watch?v=QiF0E3K_r-U,working late in a neon city | no vocals deep house study mix,SOUND ISLAND,@soundlisland,130751,"130,751 views",4 months ago,120,1089.59,7605,126.75,True
current_jazz_lounge,rainy night jazz coffee shop ambience 2026,47.06,rsPtZjm6ZtQ,https://www.youtube.com/watch?v=rsPtZjm6ZtQ,"Cozy Rain March in Coffee Shop ☕ Gentle Jazz With Fireplace Ambience For Positive, Relieve Stress",Cafe Jazz Ambience,@cafejazzambience1365,123494,"123,494 views",Streamed 4 months ago,120,1029.12,42900,715.0,True
discovery_christian_sleep_ambient,christian sleep music 8 hours healing prayer instrumental,47.0,Rq22brY8Jx0,https://www.youtube.com/watch?v=Rq22brY8Jx0,"8 Hour Relaxation, Sleep & Stress Relief Piano Instrumental Music",DappyTKeys,/channel/UCGr0_ltrKMMsUDWPvrXvtJw,2923654,"2,923,654 views",8 years ago,2920,1001.25,29716,495.27,True
discovery_cinematic_celtic_ambient,celtic ambient music 1 hour medieval fantasy relaxing,46.97,RqHR6J4tR3Q,https://www.youtube.com/watch?v=RqHR6J4tR3Q,Relaxing Celtic Music with Rain 11 Hours💦 Alley lane in a fantasy medieval city😴#medievalmusic,EliaS,@EliasCeltic,717821,"717,821 views",Streamed 2 years ago,730,983.32,41949,699.15,True
current_jazz_lounge,smooth jazz lounge 1 hour 30 relaxing instrumental,46.93,eHE_odJq8uU,https://www.youtube.com/watch?v=eHE_odJq8uU,⌚ 2 HOUR 30 of NEO SOUL Instrumental Music (Relaxing / Calming / Chill) LONG MIX,Fasol Prod,@FasolProd,705807,"705,807 views",2 years ago,730,966.86,8990,149.83,True
discovery_cinematic_celtic_ambient,celtic ambient music 1 hour medieval fantasy relaxing,46.91,aIMhtT52fi8,https://www.youtube.com/watch?v=aIMhtT52fi8,Vale of the Quiet Heart | Fantasy Celtic Ambience | Relaxing Music [No Ads],Strings of Eternity,@StringsofEternity,2029565,"2,029,565 views",8 months ago,240,8456.52,3741,62.35,True
current_dark_deep_house_noir_pulse,dark progressive house mix no vocals 1 hour 2026,46.75,jNnBO5Ct-CI,https://www.youtube.com/watch?v=jNnBO5Ct-CI,music for deep focus - no vocals house mix to eliminate distraction,SOUND ISLAND,@soundlisland,157839,"157,839 views",6 months ago,180,876.88,10813,180.22,True
discovery_afro_deep_house,afro deep house mix 2026 1 hour no vocals,46.75,jNnBO5Ct-CI,https://www.youtube.com/watch?v=jNnBO5Ct-CI,music for deep focus - no vocals house mix to eliminate distraction,SOUND ISLAND,@soundlisland,157839,"157,839 views",6 months ago,180,876.88,10813,180.22,True
discovery_christian_sleep_ambient,soaking worship instrumental sleep music no words,46.74,5-qfzvoHaic,https://www.youtube.com/watch?v=5-qfzvoHaic,"Worship Instrumental Music with Rain, Christian Instrumental Worship Music with Rain Sounds",Overflow Worship,@Overflow_Worship,316795,"316,795 views",Streamed 1 year ago,365,867.93,42899,714.98,True
discovery_cinematic_celtic_ambient,celtic ambient music 1 hour medieval fantasy relaxing,46.44,gSgFTp0wFVU,https://www.youtube.com/watch?v=gSgFTp0wFVU,Medieval Stone Village – Peaceful Tavern & Village Music from the Middle Ages,Mystic Celtic,@MysticCeltic68,262945,"262,945 views",1 year ago,365,720.4,11658,194.3,True
discovery_afro_deep_house,afro melodic house mix 2026 long mix,46.36,o9TLugFa7M8,https://www.youtube.com/watch?v=o9TLugFa7M8,AFRO / MELODIC HOUSE 2026 – Deep Hypnotic Afro Vibes | Black Coffee Style DJ Set 🔥,Afro Melodic House Mix,@AfroMelodicHouseMix,122322,"122,322 views",6 months ago,180,679.57,7696,128.27,True
discovery_christian_sleep_ambient,christian sleep music 8 hours healing prayer instrumental,46.35,Fxnkx7duh9M,https://www.youtube.com/watch?v=Fxnkx7duh9M,The Secret Place: 8 Hour Instrumental Soaking Worship | Prayer & Meditation Music,DappyTKeys,/channel/UCGr0_ltrKMMsUDWPvrXvtJw,986842,"986,842 views",4 years ago,1460,675.92,28864,481.07,True
discovery_dark_academia_piano,dark academia classical music 1 hour studying rain,46.29,m6SOJlkN1zU,https://www.youtube.com/watch?v=m6SOJlkN1zU,"𝐂𝐨𝐳𝐲 𝐂𝐨𝐟𝐟𝐞𝐞 𝐒𝐡𝐨𝐩 𝐀𝐦𝐛𝐢𝐞𝐧𝐜𝐞 | 𝐃𝐚𝐫𝐤 𝐀𝐜𝐚𝐝𝐞𝐦𝐢𝐚 𝐌𝐮𝐬𝐢𝐜 𝐟𝐨𝐫 𝐒𝐭𝐮𝐝𝐲𝐢𝐧𝐠, 𝐑𝐞𝐚𝐝𝐢𝐧𝐠, 𝐖𝐫𝐢𝐭𝐢𝐧𝐠 | 𝐌𝐞𝐥𝐚𝐧𝐜𝐡𝐨𝐥𝐢𝐜 𝐏𝐢𝐚𝐧𝐨",𝐑𝐄𝐆𝐍𝐔𝐌 𝐔𝐌𝐁𝐑𝐀𝐄,/channel/UCfZVLUVgZGUaiSV_jNNiHnw,5945864,"5,945,864 views",2 years ago,730,8145.02,3966,66.1,True
current_jazz_lounge,smooth jazz lounge 1 hour 30 relaxing instrumental,46.27,hBdXoN1eM0Y,https://www.youtube.com/watch?v=hBdXoN1eM0Y,"Smooth Jazz Guitar | Good Vibes Music to Read, Relax, or Working | Restaurant & Lounge Bar Music",Guitar Cafe,/channel/UCVPkjW_awPIHoBLzbF_0Psg,929325,"929,325 views",4 years ago,1460,636.52,28801,480.02,True
discovery_dark_academia_piano,dark academia classical music 1 hour studying rain,46.25,lgviQrW1VjA,https://www.youtube.com/watch?v=lgviQrW1VjA,𝐌𝐞𝐥𝐚𝐧𝐜𝐡𝐨𝐥𝐢𝐜 𝐏𝐢𝐚𝐧𝐨 𝐟𝐨𝐫 𝐃𝐚𝐫𝐤 𝐀𝐜𝐚𝐝𝐞𝐦𝐢𝐚 𝐅𝐨𝐫𝐠𝐨𝐭𝐭𝐞𝐧 | 𝐃𝐚𝐫𝐤 𝐀𝐜𝐚𝐝𝐞𝐦𝐢𝐚 𝐏𝐥𝐚𝐲𝐥𝐢𝐬𝐭 | 𝐌𝐮𝐬𝐢𝐜 & 𝐑𝐚𝐢𝐧 𝐀𝐦𝐛𝐢𝐞𝐧𝐜𝐞,Demure,@Demure_Piano,456232,"456,232 views",Streamed 2 years ago,730,624.98,40359,672.65,True
discovery_latin_gospel_lofi,lofi cristiano en español para dormir estudiar,46.24,eX-683ojd9g,https://www.youtube.com/watch?v=eX-683ojd9g,Jesus & Me – Chill Christian Lofi + Daily Bible Verses for Hope & Strength,Echoes of Peace,@echoesofpeaceid,226600,"226,600 views",Streamed 1 year ago,365,620.82,42900,715.0,True
current_ptbr_country_gospel_blues,Country Gospel Blues português 1 hora louvores para acalmar o coração,46.2,wrh7uXQ8Lqo,https://www.youtube.com/watch?v=wrh7uXQ8Lqo,🎵 Salmos em Blues Para Acalmar e Curar a Tristeza da ALMA | Louvor de Adoração Profunda 🎵,Salmos em Blues,@SalmosEmBlues,125546,"125,546 views",7 months ago,210,597.84,7200,120.0,True
discovery_cinematic_celtic_ambient,celtic ambient music 1 hour medieval fantasy relaxing,46.16,QK4VBXgeLd8,https://www.youtube.com/watch?v=QK4VBXgeLd8,Serenity of the Old World  (3 Hours) – Celtic Medieval | Relaxing Fantasy Music,Celtic Soul ,@CelticSoulAmbience,211725,"211,725 views",1 year ago,365,580.07,11365,189.42,True
discovery_latin_gospel_lofi,lofi cristiano en español para dormir estudiar,46.15,77josiVMsk8,https://www.youtube.com/watch?v=77josiVMsk8,God’s Promises 🌟 [Christian Lofi Instrumental Worship],The Lofi Christian,/channel/UCwckSFwCQbw_BiCzNab44Ng,210302,"210,302 views",1 year ago,365,576.17,7647,127.45,True
discovery_dark_academia_piano,dark academia piano playlist for reading 1 hour,46.12,thMUHfXxO0o,https://www.youtube.com/watch?v=thMUHfXxO0o,alone with every answer | dark academia playlist,memoriae,/channel/UCYUBerFKFc7M-5mfBUuqG_Q,100407,"100,407 views",6 months ago,180,557.82,7545,125.75,True
current_ptbr_country_gospel_blues,Country Gospel Blues português 1 hora louvores para acalmar o coração,45.92,COlemrbIBQQ,https://www.youtube.com/watch?v=COlemrbIBQQ,Calm Christian Music with Smooth Jazz Worship & Christian Jazz Café Music for Relaxation,Heaven Jazz Café,@HeavenJazzCaf%C3%A9,716503,"716,503 views",3 months ago,90,7961.14,5260,87.67,True
discovery_latin_gospel_lofi,lofi cristiano en español para dormir estudiar,45.91,HPBAsnMcnTg,https://www.youtube.com/watch?v=HPBAsnMcnTg,"Hillsong but it's Lofi | 2 hour christian lofi playlist for study, prayer, work, relax and chill",LowlyFM,@lowlyfm,332072,"332,072 views",2 years ago,730,454.89,7256,120.93,True
discovery_christian_sleep_ambient,christian sleep music 8 hours healing prayer instrumental,45.83,RNL-O6OE83g,https://www.youtube.com/watch?v=RNL-O6OE83g,ASLEEP IN MINUTES! [Calming Christian RELAXING MUSIC + Beautiful 4K Ambient Nature],Healing Project Music,/channel/UCzTkutStA8SWQGDw9J9qD6w,455453,"455,453 views",3 years ago,1095,415.94,36214,603.57,True
discovery_dark_academia_piano,gothic study music dark academia ambience,45.78,pi9FADv2Qwg,https://www.youtube.com/watch?v=pi9FADv2Qwg,Bookstore Ambience on Gothic Street | Victorian Ambience | Dark Academia Music & Haunted Melodies,Dark Academia ,@darkmusicno1,143206,"143,206 views",Streamed 1 year ago,365,392.35,42898,714.97,True
discovery_dark_academia_piano,gothic study music dark academia ambience,45.6,lfAvxIJDi00,https://www.youtube.com/watch?v=lfAvxIJDi00,Dark Academia Piano and Cello | Discovering Ancient Secrets in a Gothic Study,Elemental SoundWorks,/channel/UCdsLSmcM1e6cHfYEVzuToGw,218802,"218,802 views",2 years ago,730,299.73,12367,206.12,True
current_ptbr_country_gospel_blues,Country Blues Gospel português playlist completa oração madrugada,45.56,fOCQucmlhiY,https://www.youtube.com/watch?v=fOCQucmlhiY,"LOUVORES CALMOS PARA DORMIR, COM TELA ESCURA - Melhores hinos de 2023- 2024",Melhores Músicas Gospel,@melhoresmusicasgospel6682,203174,"203,174 views",2 years ago,730,278.32,9683,161.38,True
discovery_christian_sleep_ambient,christian sleep music 8 hours healing prayer instrumental,45.56,WrImmisEbAA,https://www.youtube.com/watch?v=WrImmisEbAA,"Gratitude || 10-Hour Christian Sleep Music | Piano Instrumental for Sleep, Prayer and Worship",Depths of Worship,@DepthsofWorship,204830,"204,830 views",2 years ago,730,280.59,36020,600.33,True
discovery_christian_sleep_ambient,christian sleep music 8 hours healing prayer instrumental,45.49,MVW9lYilcRk,https://www.youtube.com/watch?v=MVW9lYilcRk,8 Hour Christian Piano with Nature Sounds & Scriptures | Prayer & Meditation Music,DappyTKeys,/channel/UCGr0_ltrKMMsUDWPvrXvtJw,179938,"179,938 views",2 years ago,730,246.49,28694,478.23,True
discovery_christian_sleep_ambient,christian sleep music 8 hours healing prayer instrumental,45.45,Np84FQApgGs,https://www.youtube.com/watch?v=Np84FQApgGs,8 - Hours Prophetic Worship Music | Instrumental Sleep and Relaxation Music,Waldner Worship,/channel/UCdgvkanspoiupNua40EQzCg,490120,"490,120 views",6 years ago,2190,223.8,29312,488.53,True
current_jazz_lounge,jazz cafe music for work study relaxing 1 hour,45.39,JdtUUe7ZgGI,https://www.youtube.com/watch?v=JdtUUe7ZgGI,"Happy Jazz - Jazz Music For Study, Work, Relax - 24 Hours Smooth Jazz for Studying, Relaxing",Coffee Jazz BGM Music,/channel/UCt_nVBJIE1sZWHXpdrp2KNw,288011,"288,011 views",4 years ago,1460,197.27,86408,1440.13,True
discovery_christian_sleep_ambient,christian sleep music 8 hours healing prayer instrumental,45.32,dRWsMUryeMM,https://www.youtube.com/watch?v=dRWsMUryeMM,Deep Presence [8 Hours Soaking Sleep],Soaking Music of the Holy Spirit,@soakingmusicoftheholyspirit,174065,"174,065 views",3 years ago,1095,158.96,30580,509.67,True
discovery_latin_gospel_lofi,música cristiana lofi para estudiar orar 1 hora,45.15,zLZ6-pSSwUo,https://www.youtube.com/watch?v=zLZ6-pSSwUo,"Radio Lo-Fi Cristão | estudar, relaxar ou orar",Radio Lo-Fi Cristã,@radio.lo-fi.crist%C3%A3,106810,"106,810 views",Streamed 4 years ago,1460,73.16,7322,122.03,True
current_dark_deep_house_noir_pulse,after 2am dark deep house mix focus no vocals,45.0,KB0Ky10PayQ,https://www.youtube.com/watch?v=KB0Ky10PayQ,"T R A P S O U L 2 (Smooth Dark Beats Mix) (feat. Dannt El Ingeniero, Jaywoodbeatz, Marzen G,...",Tower Beatz,/channel/UCCeFprxfCAz1c9CVLv7A3mA,1829487,"1,829,487 views",,,,8576,142.93,True
current_dark_deep_house_noir_pulse,dark progressive house mix no vocals 1 hour 2026,44.99,gm6C4Zwrk9o,https://www.youtube.com/watch?v=gm6C4Zwrk9o,🎶 Best of Deep TRANCE 2026 | Melodic Progressive Mix | Vol. 39 🔥,Trance Crowd and Chill Electronic Music,,899282,"899,282 views",4 months ago,120,7494.02,3659,60.98,True
current_spanish_gospel_blues,Dios conoce tu dolor Gospel Blues en Español 1 hora,44.16,FiO1Qao2so4,https://www.youtube.com/watch?v=FiO1Qao2so4,Entra en Mi Casa –Música Cristiana de Adoración y Presencia de Dios | Canción que Toca el Corazón 🙏✨,Voz de Esperanza,@VozdeEsperanza-d4g,4099709,"4,099,709 views",8 months ago,240,17082.12,2330,38.83,False
discovery_afro_deep_house,afro melodic house mix 2026 long mix,44.03,6lx2tTZ-veY,https://www.youtube.com/watch?v=6lx2tTZ-veY,Afro House 2026 Mix | Deep Melodic Set 🎧 | Black Coffee Style Vol.62,Afro House club,@AfroHouseclub-l6y,7017,"7,017 views",1 day ago,1,7017.0,6520,108.67,True
discovery_cinematic_celtic_ambient,celtic ambient music 1 hour medieval fantasy relaxing,43.4,W3agu10Exso,https://www.youtube.com/watch?v=W3agu10Exso,Stones that Outlived Us | Fantasy Celtic Ambience | Relaxing Music [No Ads],Strings of Eternity,@StringsofEternity,2099,"2,099 views",22 hours ago,0.5,4198.0,11430,190.5,True
current_dark_deep_house_noir_pulse,dark progressive house mix no vocals 1 hour 2026,43.24,YuQYb9r1cDU,https://www.youtube.com/watch?v=YuQYb9r1cDU,Best of Deep House 2026 | Melodic House & Late Night Vibes | Deep Melodic Set #22 Lost in Deep Vibes,NAVTUNE,/channel/UC9vofs3PQi2afApCEm_n3TQ,397189,"397,189 views",2 months ago,60,6619.82,4523,75.38,True
discovery_afro_deep_house,afro deep house mix 2026 1 hour no vocals,43.09,ztX5R7YehaY,https://www.youtube.com/watch?v=ztX5R7YehaY,Afro House Jazz Mix | (Late Flow) Nighttime Session | Ideal for Late Hours & Work,Rhythm & Form,/channel/UCxfzbOh_0bMagReGmrceVrw,139265,"139,265 views",3 months ago,90,1547.39,6115,101.92,True
discovery_afro_deep_house,afro deep house mix 2026 1 hour no vocals,42.67,ZAInbATRu5Q,https://www.youtube.com/watch?v=ZAInbATRu5Q,Afro House Mix 2026 | The Best of Afro House 2026,AfroAura,@AfroAura0,1140238,"1,140,238 views",6 months ago,180,6334.66,4220,70.33,True
current_spanish_gospel_blues,Música cristiana blues español para descansar oración,42.47,Dlek00nLtU8,https://www.youtube.com/watch?v=Dlek00nLtU8,✝️ Mi Cristo – Blues Gospel Profundo | Cruz & Blues Worship Música Cristiana 🙏🔥,BLUES GOSPEL,@BLUESGOSPEL-u3l,258989,"258,989 views",7 months ago,210,1233.28,5819,96.98,True
current_ptbr_country_gospel_blues,Country Blues Gospel português playlist completa oração madrugada,42.35,8-GRygztB0A,https://www.youtube.com/watch?v=8-GRygztB0A,FILHO DA FÉ - Clipe Oficial (Música para quem tem Proteção e Força) AdoraSoul,AdoraSOUL Br,@AdoraSOULbr,970355,"970,355 views",2 months ago,60,16172.58,198,3.3,False
discovery_dark_academia_piano,dark academia piano playlist for reading 1 hour,41.94,Srwxd7hcygM,https://www.youtube.com/watch?v=Srwxd7hcygM,lost in thoughts for 1 hour,la vinyls,@lavinyls,4357687,"4,357,687 views",2 years ago,730,5969.43,3618,60.3,True
current_dark_deep_house_noir_pulse,dark progressive house mix no vocals 1 hour 2026,41.9,InhDvzLYl8U,https://www.youtube.com/watch?v=InhDvzLYl8U,🎶 Best of Deep TRANCE 2026 | Melodic Progressive Mix | Vol. 40 🔥,Trance Crowd and Chill Electronic Music,,535684,"535,684 views",3 months ago,90,5952.04,3607,60.12,True
current_spanish_gospel_blues,Música cristiana blues español para descansar oración,41.77,SoZodqiotLo,https://www.youtube.com/watch?v=SoZodqiotLo,✝️ Mi Cristo – Blues Gospel Profundo | Cruz & Blues Worship Música Cristiana 🙏🔥,BLUES GOSPEL,@BLUESGOSPEL-u3l,158867,"158,867 views",6 months ago,180,882.59,5497,91.62,True
current_spanish_gospel_blues,Dios conoce tu dolor Gospel Blues en Español 1 hora,41.65,dAL6ocFGlhg,https://www.youtube.com/watch?v=dAL6ocFGlhg,TÓCAME EN LO PROFUNDO | Adoración Profética Africana Para Sanar El Alma 🙏🔥,Nair Lukeni,@nairlukenioficial,949449,"949,449 views",2 months ago,60,15824.15,366,6.1,False
discovery_latin_gospel_lofi,christian lofi beats prayer study 1 hour,41.61,UMfrprtGChY,https://www.youtube.com/watch?v=UMfrprtGChY,Late Night Christian Study Mix [Background Christian Music Playlist],LowlyFM,@lowlyfm,587545,"587,545 views",2 years ago,730,804.86,7162,119.37,True
discovery_afro_deep_house,afro melodic house mix 2026 long mix,41.14,YWDrEA_Q6Kw,https://www.youtube.com/watch?v=YWDrEA_Q6Kw,Afro House 2026 🔥 Sunset Deep Melodic Mix | Black Coffee Style,AfroDezz Sound,@afrodezzsound,92055,"92,055 views",1 month ago,30,3068.5,13563,226.05,True
current_jazz_lounge,smooth jazz lounge 1 hour 30 relaxing instrumental,40.9,V1a6a3knXVo,https://www.youtube.com/watch?v=V1a6a3knXVo,SMOOTH LOUNGE JAZZ Vol.3 | SUNSET CHILLOUT | 1 Hour of Relaxing Saxophone Melodies,MUSIC IS MY THERAPY,@musicismytherapy2025,134396,"134,396 views",10 months ago,300,447.99,5633,93.88,True
current_ptbr_country_gospel_blues,Country Blues Gospel português playlist completa oração madrugada,40.65,zZf3Y_4qGUM,https://www.youtube.com/watch?v=zZf3Y_4qGUM,Louvores Gospel 2025 - Tela Preta,Louvores Tela Preta,@louvorestelapreta,118580,"118,580 views",1 year ago,365,324.88,6405,106.75,True
discovery_afro_deep_house,afro house sunset mix 1 hour deep house,40.65,H4M1E5SeiMo,https://www.youtube.com/watch?v=H4M1E5SeiMo,Afro House Sunset Mix 2026 | Miami Set by Gianni Blu,Gianni Blu,/channel/UClfIvD6F3F9Ij2awe0s0a7w,1757004,"1,757,004 views",11 months ago,330,5324.25,3902,65.03,True
current_ptbr_country_gospel_blues,Country Gospel Blues português 1 hora louvores para acalmar o coração,40.29,7ImOpthG3dc,https://www.youtube.com/watch?v=7ImOpthG3dc,"While You Work, Let God Speak to You | Christian Blues Worship (24h)",Louvor Blues Oficial and Louvor Blues,,1543855,"1,543,855 views",Streamed 10 months ago,300,5146.18,4446,74.1,True
current_spanish_gospel_blues,Dios conoce tu dolor Gospel Blues en Español 1 hora,40.06,dvF1_nwXME4,https://www.youtube.com/watch?v=dvF1_nwXME4,Dios Nunca Llega Tarde... Cada Puerta Cerrada Era Su Protección | Lumea Soul | Spanish Soul Blues,Lumea Soul,/channel/UCE02527oqdPpsL2z52d0xKg,901684,"901,684 views",2 months ago,60,15028.07,280,4.67,False
current_ptbr_country_gospel_blues,Country Blues Gospel português playlist completa oração madrugada,39.79,OKLurjkt_kk,https://www.youtube.com/watch?v=OKLurjkt_kk,OS MELHORES LOUVORES 2026 | Seu Antônio (orações cantadas para quem precisa respirar),Seu Antônio ,@seuantonio-i8n,293835,"293,835 views",2 months ago,60,4897.25,4250,70.83,True
current_jazz_lounge,rainy night jazz coffee shop ambience 2026,39.19,YOEfhQO-qSk,https://www.youtube.com/watch?v=YOEfhQO-qSk,"Quiet Rainy Evening Café ☕ Smooth Jazz & Warm Coffee Shop Ambience for Study, Work and Relax",Civet Café BGM,@CivetCafeBGM,4798,"4,798 views",12 hours ago,0.5,9596.0,4186,69.77,True
discovery_dark_academia_piano,gothic study music dark academia ambience,38.76,sVSYjxXvWZU,https://www.youtube.com/watch?v=sVSYjxXvWZU,Dark Academia Ambience for Reading | One More Chapter in a Gothic Village | Piano & Rain Sounds,Ashen Codex,@ashencodex,1880,"1,880 views",Streamed 1 day ago,1,1880.0,13861,231.02,True
current_jazz_lounge,rainy night jazz coffee shop ambience 2026,37.9,U7Nk92AwADk,https://www.youtube.com/watch?v=U7Nk92AwADk,Immersive Rainy Coffee Shop Ambience ☕Soft Instrumental Jazz with Rain & Fireplace Sounds for Relax,Tiny Café Jazz,@TinyCaf%C3%A9Jazz,43426,"43,426 views",1 month ago,30,1447.53,13737,228.95,True
discovery_cinematic_celtic_ambient,celtic ambient music 1 hour medieval fantasy relaxing,37.66,talRDCCgN9Q,https://www.youtube.com/watch?v=talRDCCgN9Q,When the Wind Spoke | Fantasy Celtic Ambience | Relaxing Music [No Ads],Strings of Eternity,@StringsofEternity,1034012,"1,034,012 views",9 months ago,270,3829.67,4041,67.35,True
current_jazz_lounge,smooth jazz lounge 1 hour 30 relaxing instrumental,37.48,zhcDMf3GG68,https://www.youtube.com/watch?v=zhcDMf3GG68,SMOOTH LOUNGE JAZZ  | Sunset Luxury Chillout | Relaxing Saxophone Melodies | 1 Hour Evening Chill,MUSIC IS MY THERAPY,@musicismytherapy2025,1234617,"1,234,617 views",11 months ago,330,3741.26,3906,65.1,True
discovery_afro_deep_house,afro melodic house mix 2026 long mix,37.27,Ko0J8BrMviQ,https://www.youtube.com/watch?v=Ko0J8BrMviQ,Afro House 2026 Mix | Deep Melodic Set 🎧 | Black Coffee Style Vol.63,Afro House club,@AfroHouseclub-l6y,1818,"1,818 views",13 hours ago,0.5,3636.0,6365,106.08,True
discovery_afro_deep_house,afro deep house mix 2026 1 hour no vocals,37.18,6A1EMY_DJHo,https://www.youtube.com/watch?v=6A1EMY_DJHo,Afro House 2026 | Deep Melodic Set | Black Coffee Vibes Vol. 42 ☕,Afro House Culture,@AfroHouse4Culture,430678,"430,678 views",4 months ago,120,3588.98,3745,62.42,True
discovery_latin_gospel_lofi,lofi cristiano en español para dormir estudiar,37.05,Y3Q9KrNxpS4,https://www.youtube.com/watch?v=Y3Q9KrNxpS4,🎷 Jazz Cristiano Relajante ☕ Todo lo Puedo en Cristo | Para Trabajar y Estudiar | Lo-fi Jazz,Café con Jesús,@CafeConJesusJazz,211486,"211,486 views",2 months ago,60,3524.77,4830,80.5,True
discovery_latin_gospel_lofi,música cristiana lofi para estudiar orar 1 hora,36.76,7B6dKPHBNTE,https://www.youtube.com/watch?v=7B6dKPHBNTE,"Chill & Lo-Fi Cristiano | 2 Horas de Música para Estudiar, Orar, Relajarse o Trabajar",Silbo Apacible,/channel/UCIxNzd5S68ZeqBKvFyHuQKg,12306,"12,306 views",2 weeks ago,14,879.0,8181,136.35,True
current_ptbr_country_gospel_blues,Country Gospel Blues português 1 hora louvores para acalmar o coração,36.64,Ihmz95u44Dk,https://www.youtube.com/watch?v=Ihmz95u44Dk,"Louvor Soul e Blues, Vol. 5 – Adoração Profunda em Cada Acorde",M & R  SOUNG.,@mrsong.6851,1094860,"1,094,860 views",11 months ago,330,3317.76,4872,81.2,True
discovery_dark_academia_piano,dark academia classical music 1 hour studying rain,36.61,R-bI0AhSyU0,https://www.youtube.com/watch?v=R-bI0AhSyU0,"rain, books and coffee (playlist)",nobody,@nouboudy,3620254,"3,620,254 views",3 years ago,1095,3306.17,3751,62.52,True
discovery_cinematic_celtic_ambient,celtic ambient music 1 hour medieval fantasy relaxing,36.58,M3Ayn2D4fsw,https://www.youtube.com/watch?v=M3Ayn2D4fsw,The Last Druid of Eiradûn | Fantasy Celtic Ambience | Relaxing Music [No Ads],Strings of Eternity,@StringsofEternity,888876,"888,876 views",9 months ago,270,3292.13,3888,64.8,True
discovery_afro_deep_house,afro house sunset mix 1 hour deep house,36.51,ZvHAzQYqo2c,https://www.youtube.com/watch?v=ZvHAzQYqo2c,SUMMER AFRO HOUSE Sunset Mix | Mediterranean Vibes - Settow,Settow,/channel/UCGoneC-r5rZxcK-JQdeu1yA,1188249,"1,188,249 views",1 year ago,365,3255.48,3645,60.75,True
discovery_dark_academia_piano,gothic study music dark academia ambience,36.23,JysBFGEuYfM,https://www.youtube.com/watch?v=JysBFGEuYfM,Dark Academia Piano | Quiet Gothic Village Study Ambience with Rain for Deep Focus & Relax,Ashen Codex,@ashencodex,73586,"73,586 views",4 months ago,120,613.22,11850,197.5,True
discovery_afro_deep_house,afro melodic house mix 2026 long mix,35.89,UN4ynj4lF4w,https://www.youtube.com/watch?v=UN4ynj4lF4w,🔥 AFRO / MELODIC HOUSE 2026 - DEEP & HYPNOTIC SET SOULFUL JOURNEY 🔥 BLACK COFFEE INSPIRED,House Mix Afro,@HouseMixAfro,530300,"530,300 views",6 months ago,180,2946.11,4339,72.32,True
discovery_cinematic_celtic_ambient,celtic ambient music 1 hour medieval fantasy relaxing,35.7,yA72SLY1obM,https://www.youtube.com/watch?v=yA72SLY1obM,The Light that Stayed | Fantasy Celtic Ambience | Relaxing Music [No Ads],Strings of Eternity,@StringsofEternity,62747,"62,747 views",6 months ago,180,348.59,11620,193.67,True
discovery_dark_academia_piano,gothic study music dark academia ambience,35.65,g1tibrzRP88,https://www.youtube.com/watch?v=g1tibrzRP88,Cozy Gothic Study Room | Dark Academia Winter Ambience for Reading | Relaxing Piano & Violin,Dark Academia ,@darkmusicno1,58243,"58,243 views",Streamed 6 months ago,180,323.57,42896,714.93,True
discovery_dark_academia_piano,gothic study music dark academia ambience,35.64,tWaRAfwAqms,https://www.youtube.com/watch?v=tWaRAfwAqms,Winter Study Room in a Gothic Dark Library❄️Haunting Piano & Cello |Dark Academia Fireplace Ambience,Dark Academia ,@darkmusicno1,57633,"57,633 views",Streamed 6 months ago,180,320.18,42900,715.0,True
current_dark_deep_house_noir_pulse,dark progressive house mix no vocals 1 hour 2026,35.62,V-VYxhQViWo,https://www.youtube.com/watch?v=V-VYxhQViWo,Best of Deep House [2026] | Chill Mix & Deep Feelings | #1 Music Compilation,Adrit,/channel/UC_YqhZpS1kjp1zdC7C6Rqjw,674912,"674,912 views",8 months ago,240,2812.13,5067,84.45,True
discovery_latin_gospel_lofi,christian lofi beats prayer study 1 hour,35.62,LIKr7gdklss,https://www.youtube.com/watch?v=LIKr7gdklss,"🕊️Christian Lofi Playlist  | 2 Hours of Prayer Music for Study, Anxiety Relief, Relax, Chill Music",REDEFINED TV,@Beredefined,18494,"18,494 views",2 months ago,60,308.23,8370,139.5,True
discovery_dark_academia_piano,gothic study music dark academia ambience,35.57,u6rXqOs_Yas,https://www.youtube.com/watch?v=u6rXqOs_Yas,Gothic Reading Room in the Victorian Winter Library ❄️ Dark Academia Music for Study & Deep Focus,𝐃𝐫𝐞𝐚𝐦𝐲 𝐃𝐚𝐫𝐤 𝐀𝐜𝐚𝐝𝐞𝐦𝐢𝐚,@DreamyDarkAcademia,51570,"51,570 views",Streamed 6 months ago,180,286.5,42897,714.95,True
discovery_cinematic_celtic_ambient,celtic ambient music 1 hour medieval fantasy relaxing,35.55,wH5jgSKvAM8,https://www.youtube.com/watch?v=wH5jgSKvAM8,"Soft Wool, Morning Light | Fantasy Celtic Ambience | Relaxing Music [No Ads]",Strings of Eternity,@StringsofEternity,32925,"32,925 views",4 months ago,120,274.38,12011,200.18,True
discovery_cinematic_celtic_ambient,celtic ambient music 1 hour medieval fantasy relaxing,35.43,peH7l4hMa1Q,https://www.youtube.com/watch?v=peH7l4hMa1Q,Quiet before the Hunt | Fantasy Celtic Ambience | Relaxing Music [No Ads],Strings of Eternity,@StringsofEternity,38476,"38,476 views",6 months ago,180,213.76,10971,182.85,True
discovery_afro_deep_house,afro house sunset mix 1 hour deep house,35.4,gyTKVzwFmA8,https://www.youtube.com/watch?v=gyTKVzwFmA8,AFRO HOUSE SUNSET MIX | 2 Hours | Liam Conner | 4K,Liam Conner,/channel/UCzwjWFrn9Q-Vt1yxeuceVdQ,72279,"72,279 views",1 year ago,365,198.02,8543,142.38,True
discovery_dark_academia_piano,gothic study music dark academia ambience,35.33,18wqoRtScmk,https://www.youtube.com/watch?v=18wqoRtScmk,"You're Studying in a Gothic Library with Fireplace Ambience | Dark Academia Music for Reading, Relax",Dark Academia ,@darkmusicno1,25035,"25,035 views",Streamed 5 months ago,150,166.9,42896,714.93,True
discovery_cinematic_celtic_ambient,dark celtic ambient music for studying 1 hour,35.26,vuSDw8YUEA0,https://www.youtube.com/watch?v=vuSDw8YUEA0,[NO ADS] 12 Hours of Celtic Instrumental Music | Relaxation • Meditation • Focus,Mythic Echoes,@MythicEchoes-o6x,42157,"42,157 views",Streamed 11 months ago,330,127.75,41400,690.0,True
discovery_cinematic_celtic_ambient,celtic ambient music 1 hour medieval fantasy relaxing,35.24,6IAgfLtHfOQ,https://www.youtube.com/watch?v=6IAgfLtHfOQ,"12 Hours Celtic Music Fantasy, Relaxing Medieval Music | Quiet Atmosphere | Enchanted Land", FanTaisia Ambience,@FanTaisiaAmbience24,44223,"44,223 views",Streamed 1 year ago,365,121.16,38386,639.77,True
discovery_latin_gospel_lofi,música cristiana lofi para estudiar orar 1 hora,35.15,F9NV9p4RtQg,https://www.youtube.com/watch?v=F9NV9p4RtQg,Salmos 1-80| 4 Horas de Música Lofi Country Cristiana |Uplifting Praise Playlist para Orar y Meditar,Faith & Fe ,@FaitFe,27710,"27,710 views",1 year ago,365,75.92,15558,259.3,True
discovery_latin_gospel_lofi,música cristiana lofi para estudiar orar 1 hora,35.13,oa5TTy4WZDs,https://www.youtube.com/watch?v=oa5TTy4WZDs,Salmos 1-150| 8 Horas de Música Lofi Country Cristiana|Uplifting Praise Playlist para Orar y Meditar,Faith & Fe ,@FaitFe,23759,"23,759 views",1 year ago,365,65.09,30380,506.33,True
current_jazz_lounge,rainy night jazz coffee shop ambience 2026,35.12,HFu96BJk2dM,https://www.youtube.com/watch?v=HFu96BJk2dM,Rainy Night Coffee Shop Ambience ☕🌧️ Smooth Jazz & Rain Sounds for Relaxation,Coffee Shop Vibes,@CoffeeShopVibes,7232,"7,232 views",4 months ago,120,60.27,13346,222.43,True
discovery_christian_sleep_ambient,christian sleep music 8 hours healing prayer instrumental,35.12,kM29Jq0HeK4,https://www.youtube.com/watch?v=kM29Jq0HeK4,The blood of Christ [8Hours Soaking Sleep],Soaking Music of the Holy Spirit,@soakingmusicoftheholyspirit,85179,"85,179 views",4 years ago,1460,58.34,32435,540.58,True
current_jazz_lounge,rainy night jazz coffee shop ambience 2026,35.11,0U0T9AS8KEY,https://www.youtube.com/watch?v=0U0T9AS8KEY,Beautiful Rainy Night at Coffee Shop | Gentle Jazz Ambience for Relaxation,Coffee Shop Vibes,@CoffeeShopVibes,8524,"8,524 views",5 months ago,150,56.83,13863,231.05,True
current_dark_deep_house_noir_pulse,after 2am dark deep house mix focus no vocals,35.05,e_nDp2LN3Cg,https://www.youtube.com/watch?v=e_nDp2LN3Cg,"Deep Focus Music – 2AM Grind for Deep Work, Coding & Midnight Execution",Deep Work Beats,@DeepWorkBeats-c1o,488,488 views,3 weeks ago,21,23.24,13925,232.08,True
discovery_latin_gospel_lofi,lofi cristiano en español para dormir estudiar,35.05,xkZFThucqMQ,https://www.youtube.com/watch?v=xkZFThucqMQ,Lofi Cristiano ✨    Christian Lofi Instrumental 🍃 christian chill instrumental + study beats,Soul Lo Fi,@LoFiCristiano,9639,"9,639 views",1 year ago,365,26.41,7245,120.75,True
current_ptbr_country_gospel_blues,Country Blues Gospel português playlist completa oração madrugada,35.04,NT9mwFHycvo,https://www.youtube.com/watch?v=NT9mwFHycvo,Salmos em Blues - Os Melhores Louvores Para Acalmar e Curar a Alma |  Louvores de Adoração,Salmos em Blues,@SalmosEmBlues,3767,"3,767 views",7 months ago,210,17.94,7200,120.0,True
discovery_christian_sleep_ambient,christian sleep music 8 hours healing prayer instrumental,35.03,o3ANo2tZ8AI,https://www.youtube.com/watch?v=o3ANo2tZ8AI,Touching Heaven [8Hours Soaking Sleep],Soaking Music of the Holy Spirit,@soakingmusicoftheholyspirit,19267,"19,267 views",4 years ago,1460,13.2,29492,491.53,True
discovery_latin_gospel_lofi,música cristiana lofi para estudiar orar 1 hora,35.03,JdBYq3AOI4A,https://www.youtube.com/watch?v=JdBYq3AOI4A,LOFI CRISTIANO PARA ESTAR DE CHILL Y RELAJARSE 🙌🏻 MÚSICA QUE TE RELAJA Y CALMA LA ANSIEDAD,Soul Lo Fi,@LoFiCristiano,30663,"30,663 views",Streamed 5 years ago,1825,16.8,9776,162.93,True
current_dark_deep_house_noir_pulse,medieval castle rave dark deep house mix,35.02,HOMS1SQXaYM,https://www.youtube.com/watch?v=HOMS1SQXaYM,CELTIC TECHNO 2026 | Enchanted Castle Night – Atmospheric Medieval Techno Mix,Medieval TECHNO,@Medievaltechno,682,682 views,2 months ago,60,11.37,10956,182.6,True
current_jazz_lounge,rainy night jazz coffee shop ambience 2026,35.02,fUc_MKf97S0,https://www.youtube.com/watch?v=fUc_MKf97S0,Smooth Jazz Playlist 2026 ☕ Rainy Evening Cafe Music for Relaxation and Stress Relief,Midnight Rain Sounds,@MidnightRainSounds27,4,4 views,Streamed 20 hours ago,0.5,8.0,19366,322.77,True
discovery_christian_sleep_ambient,christian sleep music 8 hours healing prayer instrumental,35.02,bxK9SEZtA-A,https://www.youtube.com/watch?v=bxK9SEZtA-A,I love you Jesus [8 Hours Soaking Sleep],Soaking Music of the Holy Spirit,@soakingmusicoftheholyspirit,12845,"12,845 views",3 years ago,1095,11.73,30094,501.57,True
discovery_dark_academia_piano,gothic study music dark academia ambience,35.01,h_oTGqCHEso,https://www.youtube.com/watch?v=h_oTGqCHEso,"Rainy Gothic Village at Night | Dark Academia Piano Music (No Ads) for Writing, Reflection & Focus",Aurelian Nocturne,@aureliannocturne,833,833 views,4 months ago,120,6.94,10801,180.02,True
discovery_latin_gospel_lofi,lofi cristiano en español para dormir estudiar,35.01,VLHhnxeVw3U,https://www.youtube.com/watch?v=VLHhnxeVw3U,"🌧️ Descansa en Dios 🌙 | 2 Horas de Piano Lofi Cristiano con Lluvia para Dormir, Orar y Estudiar 📖",Reconstruir Mente,@loficonfe,18,18 views,5 days ago,5,3.6,7201,120.02,True
current_jazz_lounge,rainy night jazz coffee shop ambience 2026,35.0,zOjV8mZVz4o,https://www.youtube.com/watch?v=zOjV8mZVz4o,"🌧️ Rainy Night Smooth Jazz ☕ Cozy Coffee Shop Ambience for Relaxing, Study & Deep Sleep",CAFFELUNE,@Caffelunemusic,,No views,5 hours ago,0.5,,7496,124.93,True
current_jazz_lounge,rainy night jazz coffee shop ambience 2026,35.0,qYCeTAfQnSg,https://www.youtube.com/watch?v=qYCeTAfQnSg,"⭐ Cozy Rainy Night Jazz Cafe 🎷 Smooth Jazz Ambience for Work, Study and Deep Focus",Midnight Rain Sounds,@MidnightRainSounds27,1,1 view,Streamed 14 hours ago,0.5,2.0,13226,220.43,True
current_jazz_lounge,rainy night jazz coffee shop ambience 2026,35.0,51I8c_nmuJU,https://www.youtube.com/watch?v=51I8c_nmuJU,Rainy Night Coffee Shop ☕ Smooth Jazz Ambience for Deep Relaxation,RainJazzia HD,@RainJazziaHD,70,70 views,Streamed 4 months ago,120,0.58,40066,667.77,True
discovery_afro_deep_house,afro deep house mix 2026 1 hour no vocals,35.0,-0XCd2-q3gQ,https://www.youtube.com/watch?v=-0XCd2-q3gQ,Afro House Night Drive Mix 2026 🎧 3 Hours Deep Melodic Set | Best of Vol.1-8,Afro House Original Mix,@AfroHouseOriginalMix,1,1 view,7 days ago,7,0.14,10679,177.98,True
discovery_latin_gospel_lofi,lofi cristiano en español para dormir estudiar,35.0,njcqf3JvC_Y,https://www.youtube.com/watch?v=njcqf3JvC_Y,"Música Cristiana LoFi para orar, meditar y leer la Biblia 📚 Christian Lo-Fi Playlists",Soul Lo Fi,@LoFiCristiano,1091,"1,091 views",2 years ago,730,1.49,7231,120.52,True
current_jazz_lounge,jazz cafe music for work study relaxing 1 hour,34.87,lK0PzE8sQI8,https://www.youtube.com/watch?v=lK0PzE8sQI8,Rainy Jazz Library 📚 1 Hour Soothing Jazz 🌧 Rain Sounds | Studying Music | Work Aid 🎧,Chill Crossing Hour,@ChillCrossingHour,887961,"887,961 views",1 year ago,365,2432.77,3610,60.17,True
current_spanish_gospel_blues,Música cristiana blues español para descansar oración,34.49,3gMgb6LubDU,https://www.youtube.com/watch?v=3gMgb6LubDU,"“Cuando mi alma se rompe, Señor, ves mi clamor” – Blues Gospel en Salmos | Para el Alma Herida",Fe y Blues Gospel en Salmos,@FeyBluesGospelenSalmos,202239,"202,239 views",3 months ago,90,2247.1,4080,68.0,True
discovery_dark_academia_piano,dark academia classical music 1 hour studying rain,34.37,LIL8iqJyL-s,https://www.youtube.com/watch?v=LIL8iqJyL-s,𝐌𝐞𝐥𝐚𝐧𝐜𝐡𝐨𝐥𝐢𝐜 𝐏𝐢𝐚𝐧𝐨 𝐰𝐢𝐭𝐡 𝐑𝐚𝐢𝐧 𝐒𝐨𝐮𝐧𝐝𝐬 | 𝐀𝐦𝐛𝐢𝐞𝐧𝐜𝐞 𝐌𝐮𝐬𝐢𝐜 (𝐃𝐚𝐫𝐤 𝐀𝐜𝐚𝐝𝐞𝐦𝐢𝐚),𝐑𝐄𝐆𝐍𝐔𝐌 𝐔𝐌𝐁𝐑𝐀𝐄,/channel/UCfZVLUVgZGUaiSV_jNNiHnw,2392656,"2,392,656 views",3 years ago,1095,2185.07,3613,60.22,True
discovery_afro_deep_house,afro melodic house mix 2026 long mix,34.16,s-AMZJb5HO4,https://www.youtube.com/watch?v=s-AMZJb5HO4,Afro House 2026 Mix | Deep Melodic Set  🎧 | Black Coffee Style Vol.107,Afro House Mix,@AfroHouseMix-vibe,18737,"18,737 views",9 days ago,9,2081.89,6417,106.95,True
current_ptbr_country_gospel_blues,Country Gospel Blues português 1 hora louvores para acalmar o coração,34.12,pIy4dKcxMhA,https://www.youtube.com/watch?v=pIy4dKcxMhA,"Salmos 23, 42 e 103 – Blues Gospel da Fé Que Guia, Cura e Ilumina o Caminho",Alma Em Adoração,@AlmaEmAdora%C3%A7%C3%A3o-t6x,3256765,"3,256,765 views",9 months ago,270,12062.09,1001,16.68,False
current_ptbr_country_gospel_blues,Sertanejo Country Gospel 1 hora Deus conhece sua dor,34.11,KL8fIVFdeUk,https://www.youtube.com/watch?v=KL8fIVFdeUk,Música Gospel 1 hora de louvor Para Ouvir e Descansar em Deus (Louvores Mais Tocadas),Som da presença,/channel/UCtISnyjHmYL6CWE4x3N__-w,431865,"431,865 views",7 months ago,210,2056.5,4779,79.65,True
current_spanish_gospel_blues,Gospel Blues en español 1 hora alabanzas para orar dormir,34.05,XOksruBuWp8,https://www.youtube.com/watch?v=XOksruBuWp8,Proverbios en Blues: Cuando la Alabanza Rompe el Dolor que el Alma Ocultó,Alma en Blues,@AlmaenBlues,303813,"303,813 views",5 months ago,150,2025.42,5345,89.08,True
discovery_afro_deep_house,afro melodic house mix 2026 long mix,33.51,ecCHRQQMx6Y,https://www.youtube.com/watch?v=ecCHRQQMx6Y,Afro House 2026 Mix | Deep Melodic Set  🎧 | Black Coffee Style Vol.97,Afro House Mix,@AfroHouseMix-vibe,24545,"24,545 views",2 weeks ago,14,1753.21,6386,106.43,True
discovery_latin_gospel_lofi,lofi cristiano en español para dormir estudiar,33.47,S_W-RVgA454,https://www.youtube.com/watch?v=S_W-RVgA454,Coffe Jazz Cristiano para trabajar y estudiar | ☕ Café matutino con Jesús | Salmos Cantados,Naiah Soul,/channel/UCmjvXvfVBNHq1F1CmZ992Ww,207952,"207,952 views",4 months ago,120,1732.93,3965,66.08,True
current_ptbr_country_gospel_blues,Sertanejo Country Gospel 1 hora Deus conhece sua dor,33.32,t0DTLtD-Lak,https://www.youtube.com/watch?v=t0DTLtD-Lak,Helena Duarte - As Mais Tocadas | Louvores Gospel Mais Ouvidos 2026,Helena Duarte,/channel/UCRZA1AKuFzyO3ljw8KJIllQ,199053,"199,053 views",4 months ago,120,1658.78,5016,83.6,True
current_dark_deep_house_noir_pulse,dark progressive house mix no vocals 1 hour 2026,33.21,t_CUskpG_lk,https://www.youtube.com/watch?v=t_CUskpG_lk,Liquid Gold: 1 Hour of Most Beautiful Drum and Bass 2026 🌊,The Booysen Echoes,@TheBooysenEchoes,192598,"192,598 views",4 months ago,120,1604.98,3692,61.53,True
discovery_dark_academia_piano,dark academia piano playlist for reading 1 hour,33.05,pvbX0WOfmlc,https://www.youtube.com/watch?v=pvbX0WOfmlc,you are studying with some classical music in an ancient academy | a playlist,Hexen and 2 more,,1670390,"1,670,390 views",3 years ago,1095,1525.47,3623,60.38,True
discovery_cinematic_celtic_ambient,dark celtic ambient music for studying 1 hour,32.93,6yTLaqO5kmA,https://www.youtube.com/watch?v=6yTLaqO5kmA,1 Hour of Celtic Forest Music - For the Pack,Adrian von Ziegler,/channel/UCSeJA6az0GrNM4_-pl3HQSQ,2670981,"2,670,981 views",5 years ago,1825,1463.55,3768,62.8,True
discovery_cinematic_celtic_ambient,dark celtic ambient music for studying 1 hour,32.72,2-M9-6OSYMY,https://www.youtube.com/watch?v=2-M9-6OSYMY,1 Hour of Relaxing Celtic Harp Music by Adrian von Ziegler,Adrian von Ziegler,/channel/UCSeJA6az0GrNM4_-pl3HQSQ,2973233,"2,973,233 views",6 years ago,2190,1357.64,3608,60.13,True
discovery_afro_deep_house,afro melodic house mix 2026 long mix,32.51,7bDmcn0SVOo,https://www.youtube.com/watch?v=7bDmcn0SVOo,HABIBI AFRO HOUSE REMIX 2026 | Afro House Mix 2026 #afrohouse #2026 #remix,D'habibi afro,@Dhabibiafro-e1o,31265,"31,265 views",5 days ago,5,6253.0,4493,74.88,True
discovery_dark_academia_piano,dark academia piano playlist for reading 1 hour,31.89,z5aQ78ljbW8,https://www.youtube.com/watch?v=z5aQ78ljbW8,a playlist to read/study in your room (dark academia),nobody,@nouboudy,1383020,"1,383,020 views",4 years ago,1460,947.27,4090,68.17,True
discovery_latin_gospel_lofi,música cristiana lofi para estudiar orar 1 hora,31.82,pmW-HSHTh88,https://www.youtube.com/watch?v=pmW-HSHTh88,"Christian Lofi Playlist | 1 Hour of Worship, Stress Relief, Devotion, Study | Lofi Beats for Prayer",REDEFINED TV,@Beredefined,332859,"332,859 views",1 year ago,365,911.94,4850,80.83,True
current_spanish_gospel_blues,Música cristiana blues español para descansar oración,31.72,PuYLl8eLAd4,https://www.youtube.com/watch?v=PuYLl8eLAd4,Mi Corazón Te Adora ✝️ Mi Cristo – Blues Gospel Profundo | Cruz & Blues Worship Música Cristiana 🙏🔥,BLUES GOSPEL,@BLUESGOSPEL-u3l,77403,"77,403 views",3 months ago,90,860.03,6492,108.2,True
discovery_dark_academia_piano,dark academia classical music 1 hour studying rain,31.65,vdc0zijxpNs,https://www.youtube.com/watch?v=vdc0zijxpNs,𝐃𝐚𝐫𝐤 𝐀𝐜𝐚𝐝𝐞𝐦𝐢𝐚 𝐌𝐮𝐬𝐢𝐜 𝐀𝐦𝐛𝐢𝐞𝐧𝐜𝐞 𝐖𝐢𝐭𝐡 𝐑𝐚𝐢𝐧 𝐒𝐨𝐮𝐧𝐝𝐬 | 𝐌𝐞𝐥𝐚𝐧𝐜𝐡𝐨𝐥𝐢𝐜 𝐏𝐢𝐚𝐧𝐨 | 𝐒𝐭𝐮𝐝𝐲 𝐌𝐮𝐬𝐢𝐜,𝐑𝐄𝐆𝐍𝐔𝐌 𝐔𝐌𝐁𝐑𝐀𝐄,/channel/UCfZVLUVgZGUaiSV_jNNiHnw,905865,"905,865 views",3 years ago,1095,827.27,3611,60.18,True
discovery_afro_deep_house,afro house sunset mix 1 hour deep house,31.55,m_1QEKtn3Gg,https://www.youtube.com/watch?v=m_1QEKtn3Gg,AFRO HOUSE 2026 🔥 1 Hour Deep Tribal Mix | Sunset Vibes | KORA House,KORA House,@KORAHouse-l2z,23177,"23,177 views",1 month ago,30,772.57,5534,92.23,True
current_spanish_gospel_blues,Dios conoce tu dolor Gospel Blues en Español 1 hora,31.45,NLLxpoeUjJQ,https://www.youtube.com/watch?v=NLLxpoeUjJQ,"Jesus, I Can't Fight This Battle Alone 🙏 2 Hours of Deep Gospel Blues Worship",Golden Soul Worship,@GoldenSoulWorship,6509,"6,509 views",9 days ago,9,723.22,7119,118.65,True
current_spanish_gospel_blues,Dios conoce tu dolor Gospel Blues en Español 1 hora,30.72,Og2uIxnPaog,https://www.youtube.com/watch?v=Og2uIxnPaog,"Jesus, My Heart Can't Take Anymore 🙏  2 Hours of Deep Gospel Worship",Golden Soul Worship,@GoldenSoulWorship,5073,"5,073 views",2 weeks ago,14,362.36,7132,118.87,True
current_spanish_gospel_blues,Blues Cristiano en español alabanzas cristianas 1H30,30.63,BkkVXU32lwA,https://www.youtube.com/watch?v=BkkVXU32lwA,60 Minute [ 1 Hour ] Countdown Timer Flip clock ♫ / With Jazz + Bell 🔔,millionreason,@millionreason,573875,"573,875 views",5 years ago,1825,314.45,3630,60.5,True
discovery_latin_gospel_lofi,christian lofi beats prayer study 1 hour,30.61,tfCf9afmYNY,https://www.youtube.com/watch?v=tfCf9afmYNY,Christian lofi~1 hr Study and Productivity Session~lofi to study and relax to~Yoni Charis,Yoni Charis,/channel/UCOjO2mZ3MZE9P__xDxTv27A,556284,"556,284 views",5 years ago,1825,304.81,3642,60.7,True
current_jazz_lounge,jazz cafe music for work study relaxing 1 hour,30.51,qj9NFFvJ7o4,https://www.youtube.com/watch?v=qj9NFFvJ7o4,1 Hour Jazz Music | Coffee Bar | Instrumental Lounge Music ♫446,Lantern,@LanternLofiChill,935013,"935,013 views",10 years ago,3650,256.17,3600,60.0,True
discovery_latin_gospel_lofi,christian lofi beats prayer study 1 hour,30.51,t_3neEVbKSo,https://www.youtube.com/watch?v=t_3neEVbKSo,"☕️Christian Lofi Playlist | 1 Hour+ of Study, Chill, Stress Relief, Prayer, Devotion Beats",REDEFINED TV,@Beredefined,84356,"84,356 views",11 months ago,330,255.62,6229,103.82,True
current_ptbr_country_gospel_blues,Country Gospel Blues português 1 hora louvores para acalmar o coração,30.18,noyiIwb2qt8,https://www.youtube.com/watch?v=noyiIwb2qt8,Às Vezes a Alma Cansa? 7 Salmos Cantados para Restaurar (Blues Gospel),Entre Salmos e Blues,@EntreSalmoseBlues,21442,"21,442 views",8 months ago,240,89.34,7181,119.68,True
current_spanish_gospel_blues,Blues Cristiano en español alabanzas cristianas 1H30,30.15,ol6bmZH7RUE,https://www.youtube.com/watch?v=ol6bmZH7RUE,Quando o Blues Cura a Alma 2 | Blues Cristão | Salmos Que Restaura o Coração,Voz do Salmista,@vozdosalmista,17451,"17,451 views",8 months ago,240,72.71,6138,102.3,True
current_ptbr_country_gospel_blues,Sertanejo Country Gospel 1 hora Deus conhece sua dor,30.12,1CkcUDUW2k8,https://www.youtube.com/watch?v=1CkcUDUW2k8,DEUS CONHECE SUA DOR 🙏 Os Melhores Louvores Gospel Blues Para Acalmar Sua Alma,Country Blues e Fé,@CountryBlueseF%C3%A9,1300,"1,300 views",3 weeks ago,21,61.9,6213,103.55,True
current_spanish_gospel_blues,Blues Cristiano en español alabanzas cristianas 1H30,30.12,LnzpVI84RfY,https://www.youtube.com/watch?v=LnzpVI84RfY,"Quando o Blues Encontra o Espírito Santo | 1h30 de Blues Cristão Profundo | Louvor, Paz e Presença",Voz do Salmista,@vozdosalmista,14626,"14,626 views",8 months ago,240,60.94,5520,92.0,True
current_spanish_gospel_blues,Blues Cristiano en español alabanzas cristianas 1H30,30.12,XqBP_wRP8yg,https://www.youtube.com/watch?v=XqBP_wRP8yg,Harpa Cristã em Blues — 1h30 de Paz | Louvores Antigos em Blues Gospel,Louvor com Blues,/channel/UCjhJUd_wRiFyVcLOI8RTLBw,16535,"16,535 views",9 months ago,270,61.24,5545,92.42,True
current_spanish_gospel_blues,Gospel Blues en español 1 hora alabanzas para orar dormir,30.05,vdxIBgi8F8Q,https://www.youtube.com/watch?v=vdxIBgi8F8Q,🙏 MÚSICA CRISTIANA PARA ORAR Y DESCANSAR | 1 Hora 30 Min de Gospel Blues,El Camino da Fé,@caminodefe-q5p,477,477 views,3 weeks ago,21,22.71,5900,98.33,True
current_spanish_gospel_blues,Blues Cristiano en español alabanzas cristianas 1H30,30.04,1lvsrYSOZK4,https://www.youtube.com/watch?v=1lvsrYSOZK4,"Sermão do Monte em Blues Cristão | Palavras de Jesus Que Curam a Alma (Mateus 5, 6 e 7)",Voz do Salmista,@vozdosalmista,4946,"4,946 views",8 months ago,240,20.61,5722,95.37,True
current_spanish_gospel_blues,Blues Cristiano en español alabanzas cristianas 1H30,30.03,FISqaQYm5bQ,https://www.youtube.com/watch?v=FISqaQYm5bQ,"1H30 de Harpa Cristã em Blues Gospel 🎧 Louvor, Paz e Presença de Deus | Coletânea Especial",Raízes do Céu – Gospel Blues,@Ra%C3%ADzesdoC%C3%A9uGospelBlues,4488,"4,488 views",9 months ago,270,16.62,5439,90.65,True
discovery_latin_gospel_lofi,música cristiana lofi para estudiar orar 1 hora,30.02,5NnwQ2Vj_dE,https://www.youtube.com/watch?v=5NnwQ2Vj_dE,💻✍🏻Lofi Cristiano Para Trabajar/Estudiar | Música Instrumental Que te Ayuda a Concentrarte,Soul Lo Fi,@LoFiCristiano,16462,"16,462 views",5 years ago,1825,9.02,5735,95.58,True
current_spanish_gospel_blues,Blues Cristiano en español alabanzas cristianas 1H30,30.01,nktKNUMXC3g,https://www.youtube.com/watch?v=nktKNUMXC3g,Blues Cristão Especial Jesus | 1h30 de Louvores Profundos Para Descansar a Alma,Voz do Salmista,@vozdosalmista,639,639 views,7 months ago,210,3.04,6089,101.48,True
current_spanish_gospel_blues,Blues Cristiano en español alabanzas cristianas 1H30,30.01,xaRzQUlYBbw,https://www.youtube.com/watch?v=xaRzQUlYBbw,Worship in Heaven 4K – Crown Him with Hallelujah & Hosanna | 1h30 Heavenly Choir for the King,Divine Harmony Choir,@DivineHarmonyChoir,1632,"1,632 views",1 year ago,365,4.47,5588,93.13,True
current_spanish_gospel_blues,Blues Cristiano en español alabanzas cristianas 1H30,30.0,vRlDzEUCz4Y,https://www.youtube.com/watch?v=vRlDzEUCz4Y,"1H30 Gospel Blues Worship Songs | Best Christian Blues for Prayer, Praise & Thanksgiving",Urban Grace Theory,@UrbanGraceTheory,21,21 views,3 months ago,90,0.23,5616,93.6,True
current_spanish_gospel_blues,Blues Cristiano en español alabanzas cristianas 1H30,30.0,5x2P7XVtClw,https://www.youtube.com/watch?v=5x2P7XVtClw,"Christian Worship Lofi R&B Soul Lofi Gospel Playlist |  1h30 Hour of Worship, Stress Relief",Selah Soul | R&B Gospel Lofi Soul,@RbGospelLofiSoul,82,82 views,9 months ago,270,0.3,5538,92.3,True
current_spanish_gospel_blues,Blues Cristiano en español alabanzas cristianas 1H30,30.0,6N3ScpY3O0I,https://www.youtube.com/watch?v=6N3ScpY3O0I,Écoute ce que la Bible dit sur l’amour de Dieu pour toi – accompagné de Jazz & RNB,Vibes Divines Pour l'Âme,@VibesDivinespourlame,3,3 views,6 months ago,180,0.02,5977,99.62,True
current_dark_deep_house_noir_pulse,medieval castle rave dark deep house mix,30.0,SBURY8-YXG4,https://www.youtube.com/watch?v=SBURY8-YXG4,MEDIEVAL CASTLE RAVE | 1H30 Dark Deep House Mix — No Vocals,Noir Pulse — Dark Deep House,@NoirPulseDarkDeepHouse,,No views,20 minutes ago,0.5,,5863,97.72,True
current_jazz_lounge,rainy night jazz coffee shop ambience 2026,30.0,ljRnSmqoDSg,https://www.youtube.com/watch?v=ljRnSmqoDSg,🌧️ Rainy Night Jazz Cafe | Smooth Jazz & Coffee Shop Ambience for Deep Focus,Velvet Bamboo Jazz,@VelvetBambooJazz,72,72 views,1 month ago,30,2.4,6124,102.07,True
current_ptbr_country_gospel_blues,Sertanejo Country Gospel 1 hora Deus conhece sua dor,29.4,8RuwJv64LN8,https://www.youtube.com/watch?v=8RuwJv64LN8,"Sertanejo Gospel 2026 - Louvores para Acalmar a Alma, Fortalecer a Fé e Ouvir com Deus",Música Meu Refúgio,/channel/UCpvKkwQqa8sdWpfzIs8e4lA,1164016,"1,164,016 views",4 months ago,120,9700.13,1915,31.92,False
current_ptbr_country_gospel_blues,Country Gospel Blues português 1 hora louvores para acalmar o coração,28.37,8BW8TECjRkk,https://www.youtube.com/watch?v=8BW8TECjRkk,Seleção de Louvores Clássicos – 30 Minutos de Adoração Reverente | @HinosComIA 2025,Hinos Com IA,/channel/UCxnZpdE_nhjVyPk0LUfFJfg,2204479,"2,204,479 views",8 months ago,240,9185.33,1894,31.57,False
discovery_afro_deep_house,afro house sunset mix 1 hour deep house,26.56,aiBrtu6_YYY,https://www.youtube.com/watch?v=aiBrtu6_YYY,Spanish Afro House 2026 🌅 | Deep Spanish Latin Afro House Sunset Vibes & Mix | 1 HOUR Vol. 15,Casa del Solano,@CasadelSolano,98405,"98,405 views",1 month ago,30,3280.17,3889,64.82,True
discovery_afro_deep_house,afro melodic house mix 2026 long mix,26.19,xgsdwvQie_4,https://www.youtube.com/watch?v=xgsdwvQie_4,AFRO HOUSE 2026 | Summer House Mix | Deep Melodic & Hypnotic Set 🔥 Black Coffee Style Vol. 34,Sahara Velvet,/channel/UCBALp3F-ijnJYue-1nUBXxQ,242854,"242,854 views",1 month ago,30,8095.13,3275,54.58,False
current_ptbr_country_gospel_blues,Country Blues Gospel português playlist completa oração madrugada,26.06,AEcKtEjQkdA,https://www.youtube.com/watch?v=AEcKtEjQkdA,Tô Cansado de Ser Forte — Pra Quem Cuida de Todo Mundo e Ninguém Cuida de Você | Blues Gospel,Espírito que Adora,/channel/UCVgKy72L0g0YbIiHJsegHxQ,963448,"963,448 views",4 months ago,120,8028.73,1317,21.95,False
discovery_afro_deep_house,afro house sunset mix 1 hour deep house,24.98,TOmU4nWDrT4,https://www.youtube.com/watch?v=TOmU4nWDrT4,"SUMMER AFRO HOUSE Sunset Mix (Avicii, The Weeknd, Coldplay, Diplo) - Bois de Rose by Settow - VOL.5",Settow,/channel/UCGoneC-r5rZxcK-JQdeu1yA,5466206,"5,466,206 views",2 years ago,730,7487.95,3577,59.62,False
discovery_dark_academia_piano,dark academia classical music 1 hour studying rain,24.08,jUtdUmMo9MI,https://www.youtube.com/watch?v=jUtdUmMo9MI,stay focused | Dark Academia Playlist,Dark Academy,@dark_academy_sound,2569181,"2,569,181 views",1 year ago,365,7038.85,3286,54.77,False
current_spanish_gospel_blues,Gospel Blues en español 1 hora alabanzas para orar dormir,22.54,he9RPaTjtlY,https://www.youtube.com/watch?v=he9RPaTjtlY,Señor sana mi corazón roto💔| Ya no aguanto mas | Blues Gospel | 1 hora de Adoración Profunda,Latin Music Gospel,@latinmusicgospel,376324,"376,324 views",2 months ago,60,6272.07,3461,57.68,False
current_ptbr_country_gospel_blues,Sertanejo Country Gospel 1 hora Deus conhece sua dor,22.11,5Wq23dGmzC8,https://www.youtube.com/watch?v=5Wq23dGmzC8,"Deus é Deus - Louvor de Poder, Fé e Milagres 🙌",Lourenzo Vozan ,/channel/UCo5h9HTmLElRpTXny-Gw1yw,1634559,"1,634,559 views",9 months ago,270,6053.92,200,3.33,False
current_dark_deep_house_noir_pulse,after 2am dark deep house mix focus no vocals,21.73,kLf3drTRhks,https://www.youtube.com/watch?v=kLf3drTRhks,Chill Summer Deep House Mix - Sunset Vibes by Paxtone,Paxtone,@paxtone_music,4282468,"4,282,468 views",2 years ago,730,5866.39,3574,59.57,False
current_ptbr_country_gospel_blues,Country Blues Gospel português playlist completa oração madrugada,21.45,UudWlDzqYtA,https://www.youtube.com/watch?v=UudWlDzqYtA,Por Isso Ando Sozinho | Dark Country Brazil 🇧🇷,Dark Country Brazil ,/channel/UC8ljSs2B60WvUYc0hoCNhfA,1030157,"1,030,157 views",6 months ago,180,5723.09,266,4.43,False
current_ptbr_country_gospel_blues,Country Blues Gospel português playlist completa oração madrugada,21.15,KvIOxKK9IS4,https://www.youtube.com/watch?v=KvIOxKK9IS4,Hinos Da Harpa Cristã – Louvor na Roça Com Letra – Hinos Antigos Com Legenda,OS HINOS DA ROÇA,@oshinosdaro%C3%A7a,2035593,"2,035,593 views",1 year ago,365,5576.97,2174,36.23,False
current_spanish_gospel_blues,Música cristiana blues español para descansar oración,21.14,T5Li0vnaDIo,https://www.youtube.com/watch?v=T5Li0vnaDIo,Sanación para un Corazón Cansado | ORACIÓN CANTADA | Salmos en Blues 2026,FE EN BLUES,@FEENBLUES,501219,"501,219 views",3 months ago,90,5569.1,1769,29.48,False
current_spanish_gospel_blues,Dios conoce tu dolor Gospel Blues en Español 1 hora,21.11,dWfkSNvCChM,https://www.youtube.com/watch?v=dWfkSNvCChM,🙏 Lord Watch Over My Family | Live Gospel Blues CONCERT | 1 hour of worship and faith,Latidos de Blues,@LatidosdeBlues17,6117,"6,117 views",11 days ago,11,556.09,3605,60.08,True
discovery_latin_gospel_lofi,christian lofi beats prayer study 1 hour,20.68,gPyPI1mbChg,https://www.youtube.com/watch?v=gPyPI1mbChg,"Cozy Christian Lofi | 1 Hour of Peaceful Worship for Relaxing, Studying, Journaling, & Stress Relief",Cozy Christ Lofi,@staycozywithchrist,92063,"92,063 views",9 months ago,270,340.97,3654,60.9,True
current_ptbr_country_gospel_blues,Country Blues Gospel português playlist completa oração madrugada,20.63,aKzG3mq-rsU,https://www.youtube.com/watch?v=aKzG3mq-rsU,"Inspiring Country Gospel Worship | In the Silence of the Soul, God Hears Me”",Som da presença,/channel/UCtISnyjHmYL6CWE4x3N__-w,1753504,"1,753,504 views",11 months ago,330,5313.65,291,4.85,False
discovery_afro_deep_house,afro deep house mix 2026 1 hour no vocals,20.62,ndZ2vHahT0s,https://www.youtube.com/watch?v=ndZ2vHahT0s,"AFRO HOUSE MUSIC MIX 2026 | BEST Deep, Organic & Tribal House Vol. 1",Heckmaster4000,/channel/UC1GIe_L7dDqyTe8FSdt7mHQ,310,310 views,1 day ago,1,310.0,3669,61.15,True
discovery_latin_gospel_lofi,christian lofi beats prayer study 1 hour,20.59,FPPRBX1g2io,https://www.youtube.com/watch?v=FPPRBX1g2io,"🕊️1 Hour+ of Christian Lofi for Stress Relief, Devotion, Study, Relaxing, Chill music or Prayer 🙏🏾",REDEFINED TV,@Beredefined,97938,"97,938 views",11 months ago,330,296.78,5087,84.78,True
current_ptbr_country_gospel_blues,Sertanejo Country Gospel 1 hora Deus conhece sua dor,20.58,OSMLf-XCAC4,https://www.youtube.com/watch?v=OSMLf-XCAC4,DEUS CONHECE SUA DOR 🙏 1H10 Os Melhores Louvores Country Gospel Blues Para Acalmar o Coração,Country Blues e Fé,@CountryBlueseF%C3%A9,2911,"2,911 views",10 days ago,10,291.1,4344,72.4,True
current_jazz_lounge,smooth jazz lounge 1 hour 30 relaxing instrumental,20.5,Gy_f4lMr514,https://www.youtube.com/watch?v=Gy_f4lMr514,🎷 Jazz No Ads | Night Smooth Jazz for Relax & Sleep (1 Hour),Cloudy Notes,@Cloudy_Notes,81865,"81,865 views",11 months ago,330,248.08,3789,63.15,True
current_spanish_gospel_blues,Gospel Blues en español 1 hora alabanzas para orar dormir,20.49,9dyGXdX-C4I,https://www.youtube.com/watch?v=9dyGXdX-C4I,1 HORA DE ADORACIÓN BLUES GOSPEL EN VIVO 🙏🎸 | Concierto Cristiano Completo,Latidos de Blues,@LatidosdeBlues17,14636,"14,636 views",2 months ago,60,243.93,4309,71.82,True
discovery_latin_gospel_lofi,christian lofi beats prayer study 1 hour,20.47,b1GxFmCp1rQ,https://www.youtube.com/watch?v=b1GxFmCp1rQ,"✝️ Christian LoFi | Prayer, Study & Work Playlist | Peaceful Bible Study Music, Chill, Relax.",REDEFINED TV,@Beredefined,70163,"70,163 views",10 months ago,300,233.88,4098,68.3,True
discovery_dark_academia_piano,dark academia piano playlist for reading 1 hour,20.43,A-YudZ4It1s,https://www.youtube.com/watch?v=A-YudZ4It1s,Dark Academia Study With Me 📖✨ | 1 Hour Ivy League library ambience 🕯️ | Academic Weapon Mode,vừng,@withvung,79123,"79,123 views",1 year ago,365,216.78,3675,61.25,True
discovery_latin_gospel_lofi,música cristiana lofi para estudiar orar 1 hora,20.43,xgXfBBL9NfA,https://www.youtube.com/watch?v=xgXfBBL9NfA,Himnos Cristianos que Calman el Alma | 1 Hora de Lofi Country con “Cristo Me Ama” y más,Voice of fAIth,/channel/UCHNOPXw9D3x2k7FGmAn-txQ,78476,"78,476 views",1 year ago,365,215.0,3673,61.22,True
current_ptbr_country_gospel_blues,Country Gospel Blues português 1 hora louvores para acalmar o coração,20.38,vaLk7UZ0XlI,https://www.youtube.com/watch?v=vaLk7UZ0XlI,"1 HORA de ECLESIASTES EM BLUES GOSPEL — Sabedoria Divina para Acalmar, Curar e Guiar a Alma",Morada de Paz,@MoradadePaz-h8k,34117,"34,117 views",6 months ago,180,189.54,3841,64.02,True
current_spanish_gospel_blues,Música cristiana blues español para descansar oración,20.36,yAsjmVcnZRk,https://www.youtube.com/watch?v=yAsjmVcnZRk,Gospel Blues en español | 1 HORA de Adoración y Esperanza en Cristo,Blues Cristianos Profundos,@bluescristianosprofundos,54490,"54,490 views",10 months ago,300,181.63,4088,68.13,True
current_dark_deep_house_noir_pulse,medieval castle rave dark deep house mix,20.22,YCVlGcGEDiE,https://www.youtube.com/watch?v=YCVlGcGEDiE,🏰 MEDIEVAL TECHNO MIX 🏰,King Cognito,/channel/UCVCYHYsa_WYgCeIn6BPvRKQ,39490,"39,490 views",1 year ago,365,108.19,4842,80.7,True
current_dark_deep_house_noir_pulse,medieval castle rave dark deep house mix,20.2,UwpCetqjAq0,https://www.youtube.com/watch?v=UwpCetqjAq0,Tech Dark House 2026 | Gothic Castle Afterhours Groove | Deep House Mix,Moonlight Sessions,@MoonlightSessionss,3058,"3,058 views",1 month ago,30,101.93,4284,71.4,True
current_ptbr_country_gospel_blues,Sertanejo Country Gospel 1 hora Deus conhece sua dor,20.19,xd7DlB8Kea8,https://www.youtube.com/watch?v=xd7DlB8Kea8,🙏 DEUS CONHECE SUA DOR | Os Melhores Louvores Country Gospel Para Acalmar o Coração (1 Hora),Country Blues e Fé,@CountryBlueseF%C3%A9,754,754 views,8 days ago,8,94.25,4010,66.83,True
discovery_cinematic_celtic_ambient,dark celtic ambient music for studying 1 hour,20.11,exliv7q-b3s,https://www.youtube.com/watch?v=exliv7q-b3s,1 hour of Celtic Pagan Music | Magical & Relaxing,Sagason,/channel/UCW76WLmMxLwGJUyVkXyMpaA,19654,"19,654 views",1 year ago,365,53.85,3689,61.48,True
current_spanish_gospel_blues,Gospel Blues en español 1 hora alabanzas para orar dormir,20.09,hLBsp7TjfeI,https://www.youtube.com/watch?v=hLBsp7TjfeI,"🙏 1 HORA Y 30 MINUTOS DE GOSPEL BLUES | Alabanzas para Orar, Descansar y Sentir la Presencia de Dios",El Camino da Fé,@caminodefe-q5p,1326,"1,326 views",1 month ago,30,44.2,5249,87.48,True
current_dark_deep_house_noir_pulse,medieval castle rave dark deep house mix,20.08,fo0i9rk-rac,https://www.youtube.com/watch?v=fo0i9rk-rac,Bardcore Techno 🏰 Fantasy Tavern Music for Knights & Adventurers,Halcyon Sanctuary,@HalcyonSanctuary,151222,"151,222 views",1 month ago,30,5040.73,1724,28.73,False
current_dark_deep_house_noir_pulse,medieval castle rave dark deep house mix,20.06,gbnK3pB-_ig,https://www.youtube.com/watch?v=gbnK3pB-_ig,Hypnotic Underground Tech house 2026 | Abandoned Castle Vibes | Deep Bass Session,DARKTUNE,@DarkTune2026,1840,"1,840 views",2 months ago,60,30.67,3636,60.6,True
current_jazz_lounge,rainy night jazz coffee shop ambience 2026,20.06,FGRYGGx1FU0,https://www.youtube.com/watch?v=FGRYGGx1FU0,Rainy Coffee Shop Jazz - Smooth Jazz Piano & Relaxing Jazz Music for Study Work and Sleep,Smooth Jazz Harmony,@SmoothJazzHarmony-g9h,14,14 views,12 hours ago,0.5,28.0,4934,82.23,True
discovery_dark_academia_piano,dark academia piano playlist for reading 1 hour,20.04,hQi1tbFBNL0,https://www.youtube.com/watch?v=hQi1tbFBNL0,Dark Academia Piano for Reading | 1 HR Playlist ,Midnight Manor Sounds,@Midnightmanorsounds,576,576 views,1 month ago,30,19.2,3606,60.1,True
current_ptbr_country_gospel_blues,Sertanejo Country Gospel 1 hora Deus conhece sua dor,20.03,Oy_pzN2cHbE,https://www.youtube.com/watch?v=Oy_pzN2cHbE,🙏 DEUS CONHECE SUA DOR | Os Melhores Louvores Country Gospel Para Acalmar o Coração (1 Hora),Country Blues e Fé,@CountryBlueseF%C3%A9,186,186 views,2 weeks ago,14,13.29,3644,60.73,True
current_spanish_gospel_blues,Gospel Blues en español 1 hora alabanzas para orar dormir,20.03,Ok9pLxdq130,https://www.youtube.com/watch?v=Ok9pLxdq130,"🙏 1 HOUR OF GOSPEL BLUES | Christian Worship to Pray, Sleep, and Feel the Presence of God",El Camino da Fé,@caminodefe-q5p,183,183 views,2 weeks ago,14,13.07,3655,60.92,True
current_spanish_gospel_blues,Dios conoce tu dolor Gospel Blues en Español 1 hora,20.03,CpVwiImNieQ,https://www.youtube.com/watch?v=CpVwiImNieQ,"🕊️ Jesús, Abrázame En Mi Dolor | 1 Horas de Gospel Soul para Sanar el Corazón ❤️",SoulWorship,@SoulWorship-b6h,280,280 views,3 weeks ago,21,13.33,4427,73.78,True
discovery_latin_gospel_lofi,christian lofi beats prayer study 1 hour,20.03,ZDF9TjTcP7E,https://www.youtube.com/watch?v=ZDF9TjTcP7E,"Tamil Christian LoFi Mix | 1 Hour Relaxing Worship for Sleep, Study & Prayer 🎧✨",LoFi Worship,@lofiworship-1802,481,481 views,1 month ago,30,16.03,4052,67.53,True
current_ptbr_country_gospel_blues,Sertanejo Country Gospel 1 hora Deus conhece sua dor,20.02,QmIlAR17JzU,https://www.youtube.com/watch?v=QmIlAR17JzU,GOD KNOWS YOUR PAIN 🙏 1 Hour of Gospel Country Blues | Worship Songs to Calm the Heart,Estrada da Fé,@estradadafe1,77,77 views,8 days ago,8,9.62,3732,62.2,True
current_spanish_gospel_blues,Gospel Blues en español 1 hora alabanzas para orar dormir,20.02,t0q9P_nDZQU,https://www.youtube.com/watch?v=t0q9P_nDZQU,ALMAS RESTAURADAS 🙏 1 HORA Y 30 MINUTOS DE GOSPEL BLUES | Alabanza que Sana el Corazón,El Camino da Fé,@caminodefe-q5p,303,303 views,1 month ago,30,10.1,3822,63.7,True
current_spanish_gospel_blues,Gospel Blues en español 1 hora alabanzas para orar dormir,20.02,5B-4M9f9hRQ,https://www.youtube.com/watch?v=5B-4M9f9hRQ,"🙏 1 HORA DE GOSPEL BLUES | Alabanzas para Orar, Descansar y Sentir la Presencia de Dios",El Camino da Fé,@caminodefe-q5p,162,162 views,3 weeks ago,21,7.71,3721,62.02,True
current_spanish_gospel_blues,Dios conoce tu dolor Gospel Blues en Español 1 hora,20.02,QmIlAR17JzU,https://www.youtube.com/watch?v=QmIlAR17JzU,DIOS CONOCE TU DOLOR 🙏 1 Hora de Gospel Country Blues | Alabanzas para Calmar el Corazón,Estrada da Fé,@estradadafe1,77,77 views,8 days ago,8,9.62,3732,62.2,True
current_dark_deep_house_noir_pulse,medieval castle rave dark deep house mix,20.02,pGN1ubc5Q7c,https://www.youtube.com/watch?v=pGN1ubc5Q7c,Tech House Mix in a Medieval Castle 🔥 Hypnotic Underground Mix  Dark Atmosphere 🏰🔥,Sound Beats Hypnotic,@soundbeatshypnotic,258,258 views,1 month ago,30,8.6,3648,60.8,True
current_jazz_lounge,rainy night jazz coffee shop ambience 2026,20.02,0jSKTrzhLvE,https://www.youtube.com/watch?v=0jSKTrzhLvE,Rainy Night Jazz ☕ Cozy Coffee Shop Ambience with Relaxing Smooth Jazz & Rain Sounds (2 Hours),Midnight Jazz Ambience,@MidnightJazzAmbience1,5,5 views,23 hours ago,0.5,10.0,3732,62.2,True
current_spanish_gospel_blues,Gospel Blues en español 1 hora alabanzas para orar dormir,20.01,1EIGUNP6a3A,https://www.youtube.com/watch?v=1EIGUNP6a3A,"🙏 1 HOUR OF GOSPEL BLUES | Christian Worship to Pray, Rest, and Feel the Presence of God",El Camino da Fé,@caminodefe-q5p,103,103 views,3 weeks ago,21,4.9,4022,67.03,True
current_dark_deep_house_noir_pulse,dark progressive house mix no vocals 1 hour 2026,20.01,FQJ-ZzYpRIQ,https://www.youtube.com/watch?v=FQJ-ZzYpRIQ,Miami at 2AM 🌴 | 1 Hour Vocal Melodic & Progressive House Mix 2026,Midnight Routes,@MidnightRoutesTV,21,21 views,3 days ago,3,7.0,4429,73.82,True
discovery_latin_gospel_lofi,música cristiana lofi para estudiar orar 1 hora,20.01,bqu1qbn9VWI,https://www.youtube.com/watch?v=bqu1qbn9VWI,"🎵 Jazz Cristiano Instrumental ✨ Música LoFi para Orar, Estudiar y Sentir Paz | 1 Hora de Adoración",DALE PLAY Celestial,@DalePlayCelestial,1403,"1,403 views",1 year ago,365,3.84,4945,82.42,True
discovery_latin_gospel_lofi,música cristiana lofi para estudiar orar 1 hora,20.01,ZhOIS5JwSjc,https://www.youtube.com/watch?v=ZhOIS5JwSjc,Música para Estudiar y Concentrarse 📖 Salmos Lo-Fi Hip Hop Cristiano | 1 Hora 🎧,Salmos in Loffi,@Salmosinloffi,3,3 views,1 hour ago,0.5,6.0,3832,63.87,True
discovery_latin_gospel_lofi,lofi cristiano en español para dormir estudiar,20.01,1cHddQgO2TA,https://www.youtube.com/watch?v=1cHddQgO2TA,"Jazz LoFi Cristiano ✝️ Música Cristiana Relajante para Estudiar, Leer la Biblia y Dormir",Congracia - Mundo de Alabanzas,@CongraciaMDA,77,77 views,3 weeks ago,21,3.67,3664,61.07,True
current_dark_deep_house_noir_pulse,after 2am dark deep house mix focus no vocals,20.0,X5Zo03jZpdQ,https://www.youtube.com/watch?v=X5Zo03jZpdQ,"Night Work Music - 1 Hour Dark Minimal Electronic Focus, No Vocals | Aiko After Hours",Aiko After Hours,@AikoAfterHoursAudio,1,1 view,2 weeks ago,14,0.07,3836,63.93,True
current_dark_deep_house_noir_pulse,after 2am dark deep house mix focus no vocals,20.0,QGlcMfIlelE,https://www.youtube.com/watch?v=QGlcMfIlelE,Cappuccino After Dark | Deep House Mix 2026 | Late Night Focus & Smooth Confidence,Midnight Cocktail Club,@MidnightCocktailClub,81,81 views,6 months ago,180,0.45,3674,61.23,True
current_dark_deep_house_noir_pulse,after 2am dark deep house mix focus no vocals,20.0,xoZ66zenNuQ,https://www.youtube.com/watch?v=xoZ66zenNuQ,"Deep Feeling Mix 2026 - Vocal House, English Deep House, Nu Disco | Deep Emotions",Midnight Deep Dark,@MidnightDeepDark,117,117 views,3 months ago,90,1.3,5169,86.15,True
current_dark_deep_house_noir_pulse,dark progressive house mix no vocals 1 hour 2026,20.0,GjwbvlwXWI8,https://www.youtube.com/watch?v=GjwbvlwXWI8,Mystic Dark Techno 2026 💥 Deep House Fantasy Vibes | Intense 1 Hour Focus Mix no vocals,Techno Escape,@technoescape-r5y,3,3 views,2 months ago,60,0.05,5011,83.52,True
current_jazz_lounge,rainy night jazz coffee shop ambience 2026,20.0,SQyD3guXp9M,https://www.youtube.com/watch?v=SQyD3guXp9M,"New Sketch Coffee Shop ☕ Rainy Night Jazz Ambience for Deep Focus, Study & Productive Work",Midnight Coffee Shop,@RuhaniVibes-n3m,,No views,5 hours ago,0.5,,3971,66.18,True
discovery_afro_deep_house,afro deep house mix 2026 1 hour no vocals,20.0,Z6MM--Nfpig,https://www.youtube.com/watch?v=Z6MM--Nfpig,Emotional Afro Deep House Mix 2026 🌅 1 Hour Tribal Summer Vibes,Jungle House Music,@JungleHouseMusic,3,3 views,1 month ago,30,0.1,3776,62.93,True
discovery_latin_gospel_lofi,música cristiana lofi para estudiar orar 1 hora,20.0,o5cB_pp5OAY,https://www.youtube.com/watch?v=o5cB_pp5OAY,"Descansa en Su Presencia 🌙 Música Cristiana LoFi para Orar, Estudiar y Descansar | 1 Hora",Descansa en su Presencia,@arturomorales3162,47,47 views,3 weeks ago,21,2.24,3652,60.87,True
discovery_latin_gospel_lofi,música cristiana lofi para estudiar orar 1 hora,20.0,WcQlwR4e0uE,https://www.youtube.com/watch?v=WcQlwR4e0uE,"Instrumental LOFI - JAZZ. 1 hora sin interrupciones. Ideal para estudiar, orar, leer o concentrarte.",Alabanza que Edifica | Música Cristiana LoFi,@alabanzaqueedifica,30,30 views,3 months ago,90,0.33,3617,60.28,True
discovery_latin_gospel_lofi,música cristiana lofi para estudiar orar 1 hora,20.0,ZgZ8N0emhxg,https://www.youtube.com/watch?v=ZgZ8N0emhxg,"1 Hora de Música Cristiana Lofi 🎵 Relájate, Ora y Conéctate con Dios",El Tabernáculo de Jireh,@El-Tabernaculo-de-Jireh,268,268 views,1 year ago,365,0.73,4238,70.63,True
discovery_latin_gospel_lofi,música cristiana lofi para estudiar orar 1 hora,20.0,DFEuC8hA9L8,https://www.youtube.com/watch?v=DFEuC8hA9L8,1 Hour of Prayer and Lofi Music for Gratitude 🌙 Christian Devotional,Celestial LoFi ,@CelestialLoFi,28,28 views,2 months ago,60,0.47,3686,61.43,True
discovery_latin_gospel_lofi,música cristiana lofi para estudiar orar 1 hora,20.0,bAkuatRhJtc,https://www.youtube.com/watch?v=bAkuatRhJtc,"RUACH LOFI 🌬️ | Música Cristiana para Orar, Estudiar y Descansar (1 Hora)",Proyecto Ruach,@ProyectoRuach,100,100 views,4 months ago,120,0.83,4748,79.13,True
discovery_latin_gospel_lofi,lofi cristiano en español para dormir estudiar,20.0,cmSBGoMmjaE,https://www.youtube.com/watch?v=cmSBGoMmjaE,"Música Lofi para orar, meditar y leer la Biblia 💻📚 Lo Fi Cristiano 2024 para Trabajar / Estudiar",Soul Lo Fi,@LoFiCristiano,416,416 views,2 years ago,730,0.57,3961,66.02,True
discovery_latin_gospel_lofi,christian lofi beats prayer study 1 hour,20.0,4dT38qtG1Lg,https://www.youtube.com/watch?v=4dT38qtG1Lg,1 HOUR Christian Lofi Prayer Music | Instant Peace & Rest,Spoken_Truths,@Spoken_Truths,26,26 views,6 months ago,180,0.14,3854,64.23,True
discovery_latin_gospel_lofi,christian lofi beats prayer study 1 hour,20.0,V5m8oZ91kog,https://www.youtube.com/watch?v=V5m8oZ91kog,"1 hour Christian Lofi Study Music, No Mid-Roll Ads",Christian Lofi,@ChristianLofiMusicChannel,166,166 views,2 years ago,730,0.23,3712,61.87,True
discovery_latin_gospel_lofi,christian lofi beats prayer study 1 hour,20.0,9XyJpGSpagI,https://www.youtube.com/watch?v=9XyJpGSpagI,"Peaceful Christian Lofi 📖 1 Hour Instrumental Worship Beat for Prayer, Study & Quiet Time",Vindicator Lofi,@vindicatorlofi,28,28 views,3 weeks ago,21,1.33,3601,60.02,True
discovery_latin_gospel_lofi,christian lofi beats prayer study 1 hour,20.0,6TuGUSsPRgI,https://www.youtube.com/watch?v=6TuGUSsPRgI,"✝️ 1 Hour of Christian LoFi Beats to Pray, Study & Relax - Christian Music Vault",Christian Music Vault,@ChristianMusicVault,112,112 views,11 months ago,330,0.34,3786,63.1,True
discovery_cinematic_celtic_ambient,dark celtic ambient music for studying 1 hour,20.0,GjptGsN_DTU,https://www.youtube.com/watch?v=GjptGsN_DTU,[1 Hour] Dark Celtic Music - Ancient Grove | Dark Fantasy BGM for Study & Focus,Dark Witch Chronicles,@darkwitchchronicles,41,41 views,2 months ago,60,0.68,4681,78.02,True
current_spanish_gospel_blues,Dios conoce tu dolor Gospel Blues en Español 1 hora,19.6,D9eXX61t-RQ,https://www.youtube.com/watch?v=D9eXX61t-RQ,Levántame otra vez - ALABA oh Alma Mia - gospel Cristiano ❤️‍🩹✝️,ALABA OH ALMA MIA,/channel/UCvrFbQxcKHFFufL2Oi6Zijw,1295518,"1,295,518 views",9 months ago,270,4798.21,252,4.2,False
current_dark_deep_house_noir_pulse,medieval castle rave dark deep house mix,19.3,7vG4knGrP9w,https://www.youtube.com/watch?v=7vG4knGrP9w,Dark Techno / EBM / Dark Clubbing / Hard Techno Mix 'BABA YAGA',Aim To Head Mix,@aimtoheadmix1915,3393514,"3,393,514 views",2 years ago,730,4648.65,2933,48.88,False
current_ptbr_country_gospel_blues,Sertanejo Country Gospel 1 hora Deus conhece sua dor,19.14,--UZy2o0KiA,https://www.youtube.com/watch?v=--UZy2o0KiA,"Daniel & Samuel - Viola Pra Jesus, Vol. 2 (DVD Completo)",Daniel & Samuel,/channel/UCk1mxY8RStG-3Xz14oHerqg,1667442,"1,667,442 views",1 year ago,365,4568.33,2570,42.83,False
current_ptbr_country_gospel_blues,Sertanejo Country Gospel 1 hora Deus conhece sua dor,18.99,V8RYXA9U0BY,https://www.youtube.com/watch?v=V8RYXA9U0BY,PAI COM CÂNCER SOBE AO PALCO… O QUE ELE CANTA FAZ TODOS CHORAREM  FIDA DIFICIL,Genoveva,@juniorplay7,404665,"404,665 views",3 months ago,90,4496.28,321,5.35,False
current_ptbr_country_gospel_blues,Country Blues Gospel português playlist completa oração madrugada,18.61,shy1hoMU23o,https://www.youtube.com/watch?v=shy1hoMU23o,"A Canção Que Virou a Oração de Milhões : Me Ajuda, Deus! (Áudio Oficial)",ESCÂNDALO DA GRAÇA ,@Esc%C3%A2ndalodagra%C3%A7a,1570717,"1,570,717 views",1 year ago,365,4303.33,402,6.7,False
current_spanish_gospel_blues,Dios conoce tu dolor Gospel Blues en Español 1 hora,18.59,72c723r-dJM,https://www.youtube.com/watch?v=72c723r-dJM,Por Eso Camino Solo — Blues del Alma | Fe en el Silencio,Bíblia en Blues,@Bibliaenblues,773190,"773,190 views",6 months ago,180,4295.5,565,9.42,False
discovery_afro_deep_house,afro house sunset mix 1 hour deep house,18.47,MK_4SDtZ31M,https://www.youtube.com/watch?v=MK_4SDtZ31M,Chill Deep & Afro House Mix 🌞 Summer Sunset Vibes by Paxtone,Paxtone,@paxtone_music,1544911,"1,544,911 views",1 year ago,365,4232.63,3476,57.93,False
current_dark_deep_house_noir_pulse,medieval castle rave dark deep house mix,18.44,RkAFv4-P8CA,https://www.youtube.com/watch?v=RkAFv4-P8CA,Scotland discovers techno 🎵,Halcyon Sanctuary,@HalcyonSanctuary,126623,"126,623 views",1 month ago,30,4220.77,1651,27.52,False
current_spanish_gospel_blues,Gospel Blues en español 1 hora alabanzas para orar dormir,18.05,GdKzsZqLpw8,https://www.youtube.com/watch?v=GdKzsZqLpw8,Blues Gospel Profundo – Mix 45 Minutos | Voces Raspadas y Alma Afroamericana 🎵🔥,Gospel Afro para Jesús,/channel/UCmcEG4bYZPEb8Dz5llX2dKw,1328346,"1,328,346 views",11 months ago,330,4025.29,2947,49.12,False
current_spanish_gospel_blues,Dios conoce tu dolor Gospel Blues en Español 1 hora,17.97,NJtkvCkuWD0,https://www.youtube.com/watch?v=NJtkvCkuWD0,"Gracias por cada despertar 🙏🏻 ""GRACIAS POR TODO SEÑOR"" (Blues Gospel) | Gospel Cielo y Fé",Gospel Cielo y Fé ,@GospelCieloYF%C3%A9,478222,"478,222 views",4 months ago,120,3985.18,276,4.6,False
current_ptbr_country_gospel_blues,Country Gospel Blues português 1 hora louvores para acalmar o coração,17.85,WBkZhZxCGHs,https://www.youtube.com/watch?v=WBkZhZxCGHs,Seleção de Louvores Clássicos Vol 2 – 30 Minutos de Adoração reverente | @HinosComIA 2025,Hinos Com IA,/channel/UCxnZpdE_nhjVyPk0LUfFJfg,942386,"942,386 views",8 months ago,240,3926.61,1671,27.85,False
current_spanish_gospel_blues,Música cristiana blues español para descansar oración,17.67,ypqhHan0DCM,https://www.youtube.com/watch?v=ypqhHan0DCM,"GOSPEL SOUL BLUES – RESTAURA CADA CORAZÓN | Música Cristiana para Sanidad, Adoración y Paz",Notas que redimen,@Notasqueredimen,690535,"690,535 views",6 months ago,180,3836.31,1366,22.77,False
current_ptbr_country_gospel_blues,Sertanejo Country Gospel 1 hora Deus conhece sua dor,17.64,lX8Pb4DXanQ,https://www.youtube.com/watch?v=lX8Pb4DXanQ,João de Barro - As melhores Sertanejo Raiz Gospel | Lançamento Gospel 2026 | Louvor | Música Gospel,João de Barro ,@joaodebarrojdb,802024,"802,024 views",7 months ago,210,3819.16,844,14.07,False
current_ptbr_country_gospel_blues,Country Gospel Blues português 1 hora louvores para acalmar o coração,16.62,L6puN7_5eII,https://www.youtube.com/watch?v=L6puN7_5eII,"""Provérbios de Pai pra Filho – Sabedoria que a Bíblia Ensina"" Blues Gospel ",Som da Fé ,@oficialsomdafe,1207719,"1,207,719 views",1 year ago,365,3308.82,649,10.82,False
current_ptbr_country_gospel_blues,Country Gospel Blues português 1 hora louvores para acalmar o coração,16.43,xnzMi9Ar0dQ,https://www.youtube.com/watch?v=xnzMi9Ar0dQ,"Provérbios 17, 18, 19 e 20 em BLUES GOSPEL — Sabedoria que Cura a Alma",Morada de Paz,@MoradadePaz-h8k,772085,"772,085 views",8 months ago,240,3217.02,1669,27.82,False
current_ptbr_country_gospel_blues,Country Gospel Blues português 1 hora louvores para acalmar o coração,16.37,fdOMlUNysCU,https://www.youtube.com/watch?v=fdOMlUNysCU,A Força do Salmos em Blues – A Essência Divina do Salmos Que Acalma a Alma e Quebra Correntes,Salmos em Blues,@SalmosEmBlues,955387,"955,387 views",10 months ago,300,3184.62,3364,56.07,False
current_ptbr_country_gospel_blues,Country Blues Gospel português playlist completa oração madrugada,16.31,9bVj7p5Zu6k,https://www.youtube.com/watch?v=9bVj7p5Zu6k,ADORAÇÃO — Hino 124 da Harpa Cristã em uma versão como você nunca ouviu | #crentequecanta ,CRENTE QUE CANTA 🎵 By Sandra Magna ,@crentequecanta,945826,"945,826 views",10 months ago,300,3152.75,194,3.23,False
current_ptbr_country_gospel_blues,Country Gospel Blues português 1 hora louvores para acalmar o coração,16.24,mShRM6wnAZ8,https://www.youtube.com/watch?v=mShRM6wnAZ8,COUNTRY GOSPEL COLLECTION | Worship Songs to Calm the Heart,Som da presença,/channel/UCtISnyjHmYL6CWE4x3N__-w,1029295,"1,029,295 views",11 months ago,330,3119.08,2375,39.58,False
discovery_dark_academia_piano,dark academia classical music 1 hour studying rain,16.23,Zhaz_30H_0w,https://www.youtube.com/watch?v=Zhaz_30H_0w,you’re studying in an ancient university as the snowflakes fall [ dark academia playlist ],Helder,@helderboutens,2274414,"2,274,414 views",2 years ago,730,3115.64,2951,49.18,False
current_ptbr_country_gospel_blues,Sertanejo Country Gospel 1 hora Deus conhece sua dor,16.11,zi14po1QHMY,https://www.youtube.com/watch?v=zi14po1QHMY,Prepare o coração… essas 10 músicas vão te quebrar por dentro,Daniel De Jesus | Country Gospel and Daniel de Jesus & Sara | Louvor e Fé,,274910,"274,910 views",3 months ago,90,3054.56,2228,37.13,False
current_spanish_gospel_blues,Dios conoce tu dolor Gospel Blues en Español 1 hora,15.85,-bBcY_3dZmI,https://www.youtube.com/watch?v=-bBcY_3dZmI,Donde Dios No Se Fue A Veces El Silencio También Es Presencia,Country Salvaje New,/channel/UCUbgKBpPni0PiWg-zxdSbvw,350893,"350,893 views",4 months ago,120,2924.11,1076,17.93,False
current_spanish_gospel_blues,Música cristiana blues español para descansar oración,15.79,pZvmsW_fBOw,https://www.youtube.com/watch?v=pZvmsW_fBOw,Cuando el Silencio Cayó en la Cruz | Consumado Está | Soul Blues Cristiano | Blues del Alma,Alma Cruz – Blues del Alma,@AlmaCruzBluesdelAlma,347270,"347,270 views",4 months ago,120,2893.92,2453,40.88,False
current_spanish_gospel_blues,Gospel Blues en español 1 hora alabanzas para orar dormir,15.28,Yt3S8_RHbTo,https://www.youtube.com/watch?v=Yt3S8_RHbTo,SALMOS CANTADOS ✝️ Cruz & Blues Worship | Blues Gospel Intenso – Voz Profunda y Poder 🔥🙏,Cruz y Blues Worship,/channel/UCiuY4qiQcRlLPePRN7PlqlA,791757,"791,757 views",10 months ago,300,2639.19,1716,28.6,False
discovery_dark_academia_piano,dark academia classical music 1 hour studying rain,15.24,JzGHzaZC56k,https://www.youtube.com/watch?v=JzGHzaZC56k,studying in an old library in the melancholic rain (dark academia playlist),aly's frequencies,@alyx5775,1911185,"1,911,185 views",2 years ago,730,2618.06,3503,58.38,False
current_spanish_gospel_blues,Dios conoce tu dolor Gospel Blues en Español 1 hora,15.21,5_Tt3DBXIpo,https://www.youtube.com/watch?v=5_Tt3DBXIpo,Una Oración Poderosa Desde el Dolor |  El Cántico de Job |  #salmos #musicacristiana,Verdades Del Cielo,/channel/UC4tez62wOsLjjzo9LwcMWiA,702863,"702,863 views",9 months ago,270,2603.2,495,8.25,False
current_spanish_gospel_blues,Dios conoce tu dolor Gospel Blues en Español 1 hora,14.98,kItEjTwWVTE,https://www.youtube.com/watch?v=kItEjTwWVTE,¡IMPOSSIBLE ESCUCHAR SOLO UNA VEZ!El mejor alabanza en reggae para tocar profundamente tu corazón,"ALABANZA REGGAE,SAMUEL JAH",@ALABANZAREGGAE,224177,"224,177 views",3 months ago,90,2490.86,2008,33.47,False
current_ptbr_country_gospel_blues,Country Gospel Blues português 1 hora louvores para acalmar o coração,14.88,ZsYtGx_xO7o,https://www.youtube.com/watch?v=ZsYtGx_xO7o,"No Silêncio, Ouvi Teu Nome | Blues Cristão | Blues Gospel | Música Gospel",Blues Cristão,@BluesCrist%C3%A3o,659048,"659,048 views",9 months ago,270,2440.92,1515,25.25,False
current_spanish_gospel_blues,Dios conoce tu dolor Gospel Blues en Español 1 hora,14.16,A8GNVXv2sts,https://www.youtube.com/watch?v=A8GNVXv2sts,Cadena Rota – Blues Gospel Vol. 1 ✝️🎶,Gospel Afro para Jesús,/channel/UCmcEG4bYZPEb8Dz5llX2dKw,686538,"686,538 views",11 months ago,330,2080.42,247,4.12,False
current_ptbr_country_gospel_blues,Sertanejo Country Gospel 1 hora Deus conhece sua dor,14.11,v9iDvVVtIvU,https://www.youtube.com/watch?v=v9iDvVVtIvU,Misericórdia na estrada | Dark Country Gospel Brasileiro — Country Noir,Country Noir,/channel/UCswgyDbTk0Sn022SvU52u1w,185120,"185,120 views",3 months ago,90,2056.89,260,4.33,False
current_ptbr_country_gospel_blues,Country Gospel Blues português 1 hora louvores para acalmar o coração,13.58,TiVb8aUw_ZY,https://www.youtube.com/watch?v=TiVb8aUw_ZY,Coletânea de louvores evangélicos Vol. 1 | 30 minutos (Versões em Blues) |,Hinos Com IA,/channel/UCxnZpdE_nhjVyPk0LUfFJfg,653814,"653,814 views",1 year ago,365,1791.27,1942,32.37,False
current_ptbr_country_gospel_blues,Country Gospel Blues português 1 hora louvores para acalmar o coração,13.46,qmIOLgUUps0,https://www.youtube.com/watch?v=qmIOLgUUps0,Coletânea de Louvores Evangélicos vol 3 | 30 Minutos (Versões em Blues),Hinos Com IA,/channel/UCxnZpdE_nhjVyPk0LUfFJfg,570353,"570,353 views",11 months ago,330,1728.34,1804,30.07,False
current_spanish_gospel_blues,Gospel Blues en español 1 hora alabanzas para orar dormir,13.35,uLpP37Q1PE4,https://www.youtube.com/watch?v=uLpP37Q1PE4,Gospel Blues en Español – Alabanzas para el Alma y la Fe,Pulsar de Adoración,@PulsardeAdoraci%C3%B3n,552464,"552,464 views",11 months ago,330,1674.13,2881,48.02,False
current_ptbr_country_gospel_blues,Sertanejo Country Gospel 1 hora Deus conhece sua dor,13.12,tNU8KTKGmBE,https://www.youtube.com/watch?v=tNU8KTKGmBE,Belos hinos Avulso - CCB Vozes do Campo Vol.1,CCB - Vozes do campo,@CCBVozesdocampo,468258,"468,258 views",10 months ago,300,1560.86,2185,36.42,False
current_spanish_gospel_blues,Música cristiana blues español para descansar oración,13.03,hI4eO-DXqSM,https://www.youtube.com/watch?v=hI4eO-DXqSM,Luz de Tu Presencia✝️ Mi Cristo – Blues Gospel Profundo | Cruz & Blues Worship Música Cristiana 🙏🔥,Alma en Blues,@AlmaenBlues,272295,"272,295 views",6 months ago,180,1512.75,2300,38.33,False
current_spanish_gospel_blues,Música cristiana blues español para descansar oración,12.7,MQSIHVWOZdI,https://www.youtube.com/watch?v=MQSIHVWOZdI,Dios Esta Aquí – Adoración Profunda Gospel Afro | Música Cristiana Adoración,FÉ AFRO,@F%C3%89AFRO,323747,"323,747 views",8 months ago,240,1348.95,1160,19.33,False
current_spanish_gospel_blues,Música cristiana blues español para descansar oración,12.56,9ooqS2WCoeM,https://www.youtube.com/watch?v=9ooqS2WCoeM,SANACIÓN PARA UN CORAZÓN ROTO VOL. 2 | Oración Profunda Cantada | Salmos en el Blues 2026,FE EN BLUES,@FEENBLUES,115078,"115,078 views",3 months ago,90,1278.64,1754,29.23,False
discovery_afro_deep_house,afro deep house mix 2026 1 hour no vocals,12.26,_2kPf5NgVsY,https://www.youtube.com/watch?v=_2kPf5NgVsY,ARMENIAN DEEP HOUSE MIX 2026 💎 1 Hour Luxury Folk & Vocal Deep [By Navasard],Armenian Meta Music,@ArmenianMetaMusic,203574,"203,574 views",6 months ago,180,1130.97,3530,58.83,False
discovery_latin_gospel_lofi,christian lofi beats prayer study 1 hour,12.06,NKdJ-xV-p_g,https://www.youtube.com/watch?v=NKdJ-xV-p_g,christian lofi beats to study/relax + prayers for peace,sheprays,@sheprays7568,1880761,"1,880,761 views",5 years ago,1825,1030.55,3284,54.73,False
current_spanish_gospel_blues,Dios conoce tu dolor Gospel Blues en Español 1 hora,11.86,xzvaq49S4Nw,https://www.youtube.com/watch?v=xzvaq49S4Nw,"Señor, Sáname el Alma – Blues Gospel Vol. 1 ✝️🎶",Gospel Afro para Jesús,/channel/UCmcEG4bYZPEb8Dz5llX2dKw,307293,"307,293 views",11 months ago,330,931.19,344,5.73,False
current_ptbr_country_gospel_blues,Country Gospel Blues português 1 hora louvores para acalmar o coração,11.85,cIQ9ILDdjss,https://www.youtube.com/watch?v=cIQ9ILDdjss,Salmos 1-10: O Poder do Louvor a Jesus Para Sua Alma,Louvores Resplandecentes Country,@N.S751,336974,"336,974 views",1 year ago,365,923.22,2676,44.6,False
current_ptbr_country_gospel_blues,Country Blues Gospel português playlist completa oração madrugada,11.49,BypFX2lmFlU,https://www.youtube.com/watch?v=BypFX2lmFlU,Quando o Céu me Tocou | Blues Cristão | Blues Gospel,Blues Cristão,@BluesCrist%C3%A3o,201654,"201,654 views",9 months ago,270,746.87,1297,21.62,False
current_spanish_gospel_blues,Música cristiana blues español para descansar oración,11.39,Hix5LPKVWW8,https://www.youtube.com/watch?v=Hix5LPKVWW8,Oye Esto Cuando No Puedas Más | Blues Cristiano para Tu Espíritu,bluesdefe,@bluesdefe,228869,"228,869 views",11 months ago,330,693.54,1495,24.92,False
current_spanish_gospel_blues,Gospel Blues en español 1 hora alabanzas para orar dormir,11.25,wQ-CJNC-kWU,https://www.youtube.com/watch?v=wQ-CJNC-kWU,Himnos Antiguos Del Himnario  | 45 Minutos Mix ✝️ Cruz & Blues Worship - Musica Cristiana Para Orar,Cruz y Blues Worship,/channel/UCiuY4qiQcRlLPePRN7PlqlA,168638,"168,638 views",9 months ago,270,624.59,2373,39.55,False
current_spanish_gospel_blues,Música cristiana blues español para descansar oración,0.56,EszWBmSOQvk,https://www.youtube.com/watch?v=EszWBmSOQvk,En Getsemaní Lloré Contigo | Semana Santa | Blues Cristiano en Español,Alma Cruz – Blues del Alma,@AlmaCruzBluesdelAlma,33419,"33,419 views",4 months ago,120,278.49,2592,43.2,False
current_spanish_gospel_blues,Gospel Blues en español 1 hora alabanzas para orar dormir,0.45,0WznEfLnhmk,https://www.youtube.com/watch?v=0WznEfLnhmk,"🎼1 Hora de Blues Cristiano 🎶 Alabanzas Poderosas para Orar, Sanar y Descansar en Dios✝️","Blues, Fusión y Fe",@BluesFusi%C3%B3nyFe,67511,"67,511 views",10 months ago,300,225.04,3199,53.32,False
current_ptbr_country_gospel_blues,Sertanejo Country Gospel 1 hora Deus conhece sua dor,0.22,HZH-oGg3OnM,https://www.youtube.com/watch?v=HZH-oGg3OnM,DEUS CONHECE SUA DOR 🙏 1Hora de Louvores Country Gospel para Acalmar o Coração e Renovar Suas Forças,Country Blues e Fé,@CountryBlueseF%C3%A9,771,771 views,7 days ago,7,110.14,3542,59.03,False
current_spanish_gospel_blues,Gospel Blues en español 1 hora alabanzas para orar dormir,0.2,pmGWVbOR7Kc,https://www.youtube.com/watch?v=pmGWVbOR7Kc,SALMOS CANTADOS ✝️ Cruz & Blues Worship | Blues Gospel Intenso – Voz Profunda y Poder Espiritu  🔥🙏,Cruz y Blues Worship,/channel/UCiuY4qiQcRlLPePRN7PlqlA,20577,"20,577 views",7 months ago,210,97.99,3569,59.48,False
discovery_dark_academia_piano,dark academia classical music 1 hour studying rain,0.2,wS71LoDK9H0,https://www.youtube.com/watch?v=wS71LoDK9H0,rainy fall playlist for studying/reading (dark academia) (no ads),Sweet Delphinia,@SweetDelphinia,37237,"37,237 views",1 year ago,365,102.02,2431,40.52,False
current_dark_deep_house_noir_pulse,medieval castle rave dark deep house mix,0.15,FOp9sPu3Ixk,https://www.youtube.com/watch?v=FOp9sPu3Ixk,KNIGHT RAVE - Dark Fantasy Techno | Epic Medieval Music (Time Rave Saga),Farbwende,/channel/UCwgz0orDObykC3WPfytU7kg,24615,"24,615 views",11 months ago,330,74.59,284,4.73,False
current_spanish_gospel_blues,Música cristiana blues español para descansar oración,0.14,e4wCO5OcWxM,https://www.youtube.com/watch?v=e4wCO5OcWxM,1 Hora de Adoración en Estilo Gospel Blues -  Música Cristiana para Orar y Conectar con Dios,Cruz y Blues Worship,/channel/UCiuY4qiQcRlLPePRN7PlqlA,16340,"16,340 views",8 months ago,240,68.08,3561,59.35,False
current_ptbr_country_gospel_blues,Sertanejo Country Gospel 1 hora Deus conhece sua dor,0.05,j0dyiV999dQ,https://www.youtube.com/watch?v=j0dyiV999dQ,DEUS CONHECE SUA DOR 🙏 1 Hora dos Melhores Louvores Country Blues Gospel Para Acalmar o Coração,Country Blues e Fé,@CountryBlueseF%C3%A9,209,209 views,9 days ago,9,23.22,3546,59.1,False
current_dark_deep_house_noir_pulse,after 2am dark deep house mix focus no vocals,0.03,FyMaVmWq218,https://www.youtube.com/watch?v=FyMaVmWq218,Leonardo da Vinci | Dark Tech House Mix 2026 🎧 Renaissance Beats for Focus & Night Drive,Shakespeare After Dark,@shakespeareafterdark-u6m,316,316 views,3 weeks ago,21,15.05,2455,40.92,False
current_jazz_lounge,rainy night jazz coffee shop ambience 2026,0.03,v5izZy80sNg,https://www.youtube.com/watch?v=v5izZy80sNg,"Rainy Night Jazz - Smooth Jazz & Cozy Coffee Shop Ambience for Relaxing, Work & Sleep",Cozy Jazz Cafe Lounge,@CozyJazzCafelounge,773,773 views,2 months ago,60,12.88,3541,59.02,False
current_spanish_gospel_blues,Gospel Blues en español 1 hora alabanzas para orar dormir,0.02,MdrnjwPClhw,https://www.youtube.com/watch?v=MdrnjwPClhw,🙏 GOSPEL BLUES IN SPANISH | 1 Hour of Soul-Touching Praise to Strengthen Your Faith,El Camino da Fé,@caminodefe-q5p,137,137 views,2 weeks ago,14,9.79,3568,59.47,False
current_dark_deep_house_noir_pulse,medieval castle rave dark deep house mix,0.02,JRvOcENy6ao,https://www.youtube.com/watch?v=JRvOcENy6ao,MEDIEVAL RAVE ENERGY | Spirits of the Deep Trance  & Flute Mix,VELVET CATACOMB MUSIC,@velvetcatacombmusic,711,711 views,2 months ago,60,11.85,245,4.08,False
discovery_latin_gospel_lofi,música cristiana lofi para estudiar orar 1 hora,0.02,NcPXeTf4Kvs,https://www.youtube.com/watch?v=NcPXeTf4Kvs,"🎵 Salmos Cantados | 1 Hora de Música Cristiana LoFi Jazz para Orar, Trabajar y Descansar",Cielo en Casa Music ,@Cieloencasamusic,259,259 views,1 month ago,30,8.63,3357,55.95,False
current_spanish_gospel_blues,Gospel Blues en español 1 hora alabanzas para orar dormir,0.01,RpTtEqoeBKI,https://www.youtube.com/watch?v=RpTtEqoeBKI,1 Hora de Salmos Cantados en Blues & Gospel – Adoración Profunda para Orar y Descansar,Alma en Adoración,@AlmaenAdoraci%C3%B3n-y6j,1048,"1,048 views",8 months ago,240,4.37,3440,57.33,False
current_dark_deep_house_noir_pulse,medieval castle rave dark deep house mix,0.01,lel0ww73PIU,https://www.youtube.com/watch?v=lel0ww73PIU,Dark Castle Ritual | Hypnotic Tech House 🩸 | TECH INFECTION,TECH INFECTION,@TECHINFECTION-b8k,151,151 views,1 month ago,30,5.03,3153,52.55,False
current_dark_deep_house_noir_pulse,medieval castle rave dark deep house mix,0.01,yokA2MsBvOM,https://www.youtube.com/watch?v=yokA2MsBvOM,Charlie Sparks - Bramber Castle | Dark Techno Mix,ECHT,@ECHTisaconcept,8686,"8,686 views",5 years ago,1825,4.76,2526,42.1,False
discovery_latin_gospel_lofi,música cristiana lofi para estudiar orar 1 hora,0.01,yXybk6kGrsk,https://www.youtube.com/watch?v=yXybk6kGrsk,Adoración Lo-Fi Instrumental | Lofi Cristiano | Para Orar y Disfrutar,Adoracion Cristiana ,@adoracion-cristiana,2008,"2,008 views",1 year ago,365,5.5,2849,47.48,False
discovery_latin_gospel_lofi,christian lofi beats prayer study 1 hour,0.01,DPzDFxgquyY,https://www.youtube.com/watch?v=DPzDFxgquyY,Lofi Jesus ✝️ | Sung Bible Verses with Relaxing Christian Lofi Beats (1 Hour Study/Prayer/Sleep),Lofi Jesus,@LofiJesus7,1542,"1,542 views",1 year ago,365,4.22,3344,55.73,False
current_spanish_gospel_blues,Gospel Blues en español 1 hora alabanzas para orar dormir,0.0,XqcVxOD9qHk,https://www.youtube.com/watch?v=XqcVxOD9qHk,"Cuando Ya No Puedes Más, Escucha Esto... 🙏 (Música para Orar y Descansar - 1 HORA)",Cristo en Blues,@CristoenBlues,99,99 views,3 months ago,90,1.1,3425,57.08,False
current_spanish_gospel_blues,Blues Cristiano en español alabanzas cristianas 1H30,0.0,SOz4oybjEbs,https://www.youtube.com/watch?v=SOz4oybjEbs,Los Winston Lobo feliz Navidad y próspero año nuevo,Los Winston Lobo,@loswinstonlobo,202,202 views,7 years ago,2555,0.08,97,1.62,False
current_spanish_gospel_blues,Blues Cristiano en español alabanzas cristianas 1H30,0.0,N3prTJt6JSU,https://www.youtube.com/watch?v=N3prTJt6JSU,"EN DIRECT. PROPHÈTE  CHRISTIAN JACOB KABAMBA, 3ème Jour de Prières D'impactation.",PROPHETE DES NATIONS CHRISTIAN JACOB KABAMBA,@egliseevangeliquereveillez7670,97,97 views,Streamed 8 years ago,2920,0.03,184,3.07,False
current_dark_deep_house_noir_pulse,after 2am dark deep house mix focus no vocals,0.0,jwr3Pw9b4TA,https://www.youtube.com/watch?v=jwr3Pw9b4TA,Smoke Mood — Lost In The City Lights | Deep House Mix 2026 • Relax & Focus,2AM Silence,@2AMSilence-m1,,No views,10 days ago,10,,3386,56.43,False
current_dark_deep_house_noir_pulse,after 2am dark deep house mix focus no vocals,0.0,ZeF8AG_4vWA,https://www.youtube.com/watch?v=ZeF8AG_4vWA,"NIGHT CALM — After 2AM Focus Mode | Dark TripHop (No Lyrics, 41 Min)",Music to __ to,@MusicTo__to,179,179 views,5 months ago,150,1.19,2517,41.95,False
current_dark_deep_house_noir_pulse,after 2am dark deep house mix focus no vocals,0.0,HonVDPAcAdQ,https://www.youtube.com/watch?v=HonVDPAcAdQ,🌃 Smoke Mood — Endless Nights | Deep House Mix 2026 • Focus & Relax,2AM Silence,@2AMSilence-m1,,No views,13 days ago,13,,3379,56.32,False
current_dark_deep_house_noir_pulse,after 2am dark deep house mix focus no vocals,0.0,Gc0p8BoSbBE,https://www.youtube.com/watch?v=Gc0p8BoSbBE,🌌 Smoke Mood — Lost In The Night | Deep House Mix 2026 • Relax & Focus,2AM Silence,@2AMSilence-m1,1,1 view,2 weeks ago,14,0.07,3431,57.18,False
current_dark_deep_house_noir_pulse,after 2am dark deep house mix focus no vocals,0.0,ExCon5b5wOs,https://www.youtube.com/watch?v=ExCon5b5wOs,Emotional Deep House Mix 2026 | Vocal House & Nu Disco | After Dark,Vibeverse Musics,@VibeVersMusics,,No views,1 month ago,30,,3030,50.5,False
current_dark_deep_house_noir_pulse,after 2am dark deep house mix focus no vocals,0.0,Zz03My16_k0,https://www.youtube.com/watch?v=Zz03My16_k0,Feels Like 2AM 🌙 Deep House Mix for Night Drives & Midnight Vibes,HΛYTHΛM™,@HAYTHAMrealmusic,50,50 views,4 months ago,120,0.42,2019,33.65,False
current_dark_deep_house_noir_pulse,after 2am dark deep house mix focus no vocals,0.0,IpViUoj02p8,https://www.youtube.com/watch?v=IpViUoj02p8,2AM Rainy City 🌙 Deep Afro House & Melancholic Night Drive Mix,Marrakech After Dark,@MarrakechAfterDarkMusic,124,124 views,3 months ago,90,1.38,2571,42.85,False
current_dark_deep_house_noir_pulse,after 2am dark deep house mix focus no vocals,0.0,QjMtlBISjZo,https://www.youtube.com/watch?v=QjMtlBISjZo,Smoke Mood — Just Relax | Deep House Mix 2026 • Chill / Night Vibes / Stress Relief / After Dark,2AM Radio On,@2AMRadioOn,,No views,1 month ago,30,,2450,40.83,False
current_dark_deep_house_noir_pulse,medieval castle rave dark deep house mix,0.0,JrB5rj1ZBIM,https://www.youtube.com/watch?v=JrB5rj1ZBIM,zonnmer | JA FEST 2023 | Medieval Castle,JA LIVE™,@JA_LIVE_Music,86,86 views,2 years ago,730,0.12,1703,28.38,False
current_dark_deep_house_noir_pulse,medieval castle rave dark deep house mix,0.0,1xPf2ENtMK4,https://www.youtube.com/watch?v=1xPf2ENtMK4,DJ Mixer | JA FEST 2023 | Medieval Castle,JA LIVE™,@JA_LIVE_Music,65,65 views,2 years ago,730,0.09,1928,32.13,False
current_dark_deep_house_noir_pulse,medieval castle rave dark deep house mix,0.0,Rqwv6BV739c,https://www.youtube.com/watch?v=Rqwv6BV739c,Ronit | JA FEST 2023 | Medieval Castle,JA LIVE™,@JA_LIVE_Music,73,73 views,2 years ago,730,0.1,2089,34.82,False
current_dark_deep_house_noir_pulse,medieval castle rave dark deep house mix,0.0,GlEDvl_OYzU,https://www.youtube.com/watch?v=GlEDvl_OYzU,"Medieval Rave King | Visualizer | Electronic, EDM",Eccentric Aria,/channel/UCnXFyp4SU8Yw3lLce2UjP3Q,46,46 views,1 year ago,365,0.13,132,2.2,False
current_dark_deep_house_noir_pulse,medieval castle rave dark deep house mix,0.0,_6vs4t3P2rs,https://www.youtube.com/watch?v=_6vs4t3P2rs,"Medieval Rave King | Electronic, EDM",Eccentric Aria,/channel/UCnXFyp4SU8Yw3lLce2UjP3Q,355,355 views,1 year ago,365,0.97,132,2.2,False
current_dark_deep_house_noir_pulse,medieval castle rave dark deep house mix,0.0,wcrcfOqikSY,https://www.youtube.com/watch?v=wcrcfOqikSY,Fantasy Magic Techno Film | Dark Castle Rave Cinematic Soundtrack,Albora Ambients ,@AlboraAmbients,73,73 views,5 months ago,150,0.49,3160,52.67,False
current_dark_deep_house_noir_pulse,medieval castle rave dark deep house mix,0.0,c44TGgjrko0,https://www.youtube.com/watch?v=c44TGgjrko0,"Medieval Rave King | Electronic, EDM, Dance-Pop, Electro-Pop",Eccentric Aria,/channel/UCnXFyp4SU8Yw3lLce2UjP3Q,375,375 views,1 year ago,365,1.03,132,2.2,False
current_jazz_lounge,smooth jazz lounge 1 hour 30 relaxing instrumental,0.0,D_rAHBWidjI,https://www.youtube.com/watch?v=D_rAHBWidjI,Vintage Evening Radio Jazz  – 1930s 1940s Smooth Swing & Vinyl Background Music,Dark Sea Ambience,@DarkSeaAmbience,1069,"1,069 watching",,,,,,False
current_jazz_lounge,rainy night jazz coffee shop ambience 2026,0.0,UZiKR5HHXTo,https://www.youtube.com/watch?v=UZiKR5HHXTo,Refreshing Spring Jazz Music To Stress Relief - Soft Jazz At Lakeside Cafe Ambience For Unwind,Quiet Indoor Ambience,@QuietIndoorAmbience,885,885 watching,,,,,,False
current_jazz_lounge,jazz cafe music for work study relaxing 1 hour,0.0,fTb6yJ7AlT8,https://www.youtube.com/watch?v=fTb6yJ7AlT8,"☕Warm Relaxing Jazz Music with Cozy Coffee Shop for Working, Studying, Sleeping",Jazz Cafe Ambience,@JazzCafeAmbience,196,196 watching,,,,,,False
discovery_christian_sleep_ambient,soaking worship instrumental sleep music no words,0.0,EOdI_2q07nM,https://www.youtube.com/watch?v=EOdI_2q07nM,Deep Soaking Worship | Quiet Time with God | Soaking In His Presence,Soaking Worship Music & Prayer Music,/channel/UCEyDPrWKqwWORC6TFTo4a-w,26,26 watching,,,,,,False
discovery_christian_sleep_ambient,soaking worship instrumental sleep music no words,0.0,Ks3cjue3RWo,https://www.youtube.com/watch?v=Ks3cjue3RWo,"24/7 Relaxing Music with Ocean Waves Beautiful Piano Sleep Music, Beautiful Christian Sleep Music",Soaking Worship Music & Prayer Music,/channel/UCEyDPrWKqwWORC6TFTo4a-w,15,15 watching,,,,,,False
discovery_christian_sleep_ambient,soaking worship instrumental sleep music no words,0.0,-g6ehIbQUio,https://www.youtube.com/watch?v=-g6ehIbQUio,Sleep Better Tonight with NO ADS Music for Deep Relaxation,Soaking Worship Music & Prayer Music,/channel/UCEyDPrWKqwWORC6TFTo4a-w,3,3 watching,,,,,,False
discovery_christian_sleep_ambient,soaking worship instrumental sleep music no words,0.0,E-6GhfkMT3s,https://www.youtube.com/watch?v=E-6GhfkMT3s,"24/7 Beautiful Calm Worship, Instrumental Worship Music No Ads, Soaking Instrumental Worship Piano",Soaking Worship Music & Prayer Music,/channel/UCEyDPrWKqwWORC6TFTo4a-w,98,98 watching,,,,,,False
discovery_dark_academia_piano,gothic study music dark academia ambience,0.0,myxQqEnnQpA,https://www.youtube.com/watch?v=myxQqEnnQpA,Seaside Gothic Reading Nook | Ideal Space for Reading & Writing | Dark Academia Piano & Violin Music,Dark Academia ,@darkmusicno1,25,25 watching,,,,,,False
discovery_dark_academia_piano,gothic study music dark academia ambience,0.0,RFpE8RraNvw,https://www.youtube.com/watch?v=RFpE8RraNvw,Eerie Gothic Street & Victorian Ambience | Relaxing Piano & Violin | Dark Academia Autumn Music,Dark Academia ,@darkmusicno1,12,12 watching,,,,,,False
discovery_afro_deep_house,afro melodic house mix 2026 long mix,0.0,mfcq9ZlcI2U,https://www.youtube.com/watch?v=mfcq9ZlcI2U,Afro House 2026 Mix | Deep Melodic Set 🎧 | Black Coffee Style ☕️,Afro Groove,@AfroGroove-2026,780,780 watching,,,,,,False
discovery_afro_deep_house,afro melodic house mix 2026 long mix,0.0,SyKwEyl6Xp8,https://www.youtube.com/watch?v=SyKwEyl6Xp8,Afro House 2026 Mix | Deep Melodic Set 🎧 | Black Coffee Style LIVE 24/7,DJ Afro House,@DJAfroHouses,655,655 watching,,,,,,False
discovery_latin_gospel_lofi,música cristiana lofi para estudiar orar 1 hora,0.0,X3cU6n2N7sg,https://www.youtube.com/watch?v=X3cU6n2N7sg,Himnos Lofi para Estudiar y Orar 🎧 · 1 Hora,Himnos Lofi,@himnoslofimusica,44,44 views,1 month ago,30,1.47,358,5.97,False
